#! /home/waffle/.apio/packages/tools-oss-cad-suite/bin/vvp
:ivl_version "13.0 (devel)" "(s20221226-321-gd22bb3d25)";
:ivl_delay_selection "TYPICAL";
:vpi_time_precision - 12;
:vpi_module "/home/waffle/.apio/packages/tools-oss-cad-suite/lib/ivl/system.vpi";
:vpi_module "/home/waffle/.apio/packages/tools-oss-cad-suite/lib/ivl/vhdl_sys.vpi";
:vpi_module "/home/waffle/.apio/packages/tools-oss-cad-suite/lib/ivl/vhdl_textio.vpi";
:vpi_module "/home/waffle/.apio/packages/tools-oss-cad-suite/lib/ivl/v2005_math.vpi";
:vpi_module "/home/waffle/.apio/packages/tools-oss-cad-suite/lib/ivl/va_math.vpi";
S_0x55555eed3840 .scope module, "ICESTORM_LC" "ICESTORM_LC" 2 2136;
 .timescale -12 -12;
    .port_info 0 /INPUT 1 "I0";
    .port_info 1 /INPUT 1 "I1";
    .port_info 2 /INPUT 1 "I2";
    .port_info 3 /INPUT 1 "I3";
    .port_info 4 /INPUT 1 "CIN";
    .port_info 5 /INPUT 1 "CLK";
    .port_info 6 /INPUT 1 "CEN";
    .port_info 7 /INPUT 1 "SR";
    .port_info 8 /OUTPUT 1 "LO";
    .port_info 9 /OUTPUT 1 "O";
    .port_info 10 /OUTPUT 1 "COUT";
P_0x55555f0221a0 .param/l "ASYNC_SR" 0 2 2148, C4<0>;
P_0x55555f0221e0 .param/l "CARRY_ENABLE" 0 2 2145, C4<0>;
P_0x55555f022220 .param/l "CIN_CONST" 0 2 2150, C4<0>;
P_0x55555f022260 .param/l "CIN_SET" 0 2 2151, C4<0>;
P_0x55555f0222a0 .param/l "DFF_ENABLE" 0 2 2146, C4<0>;
P_0x55555f0222e0 .param/l "LUT_INIT" 0 2 2142, C4<0000000000000000>;
P_0x55555f022320 .param/l "NEG_CLK" 0 2 2144, C4<0>;
P_0x55555f022360 .param/l "SET_NORESET" 0 2 2147, C4<0>;
o0x7f407698c078 .functor BUFZ 1, C4<z>; HiZ drive
L_0x55555eec0eb0 .functor BUFZ 1, o0x7f407698c078, C4<0>, C4<0>, C4<0>;
L_0x55555f09eca0 .functor BUFZ 1, L_0x55555f09fa20, C4<0>, C4<0>, C4<0>;
o0x7f407698c0a8 .functor BUFZ 1, C4<z>; HiZ drive
L_0x7f40769432a0 .functor BUFT 1, C4<0>, C4<0>, C4<0>, C4<0>;
L_0x55555f09fcc0 .functor XOR 1, o0x7f407698c0a8, L_0x7f40769432a0, C4<0>, C4<0>;
L_0x55555f09fd80 .functor BUFZ 1, L_0x55555f09fa20, C4<0>, C4<0>, C4<0>;
o0x7f407698c018 .functor BUFZ 1, C4<z>; HiZ drive
v0x55555effe560_0 .net "CEN", 0 0, o0x7f407698c018;  0 drivers
v0x55555efc97a0_0 .net "CEN_pu", 0 0, L_0x55555f09ec00;  1 drivers
v0x55555efc8850_0 .net "CIN", 0 0, o0x7f407698c078;  0 drivers
v0x55555efc7900_0 .net "CLK", 0 0, o0x7f407698c0a8;  0 drivers
L_0x7f40769431c8 .functor BUFT 1, C4<x>, C4<0>, C4<0>, C4<0>;
v0x55555efc69b0_0 .net "COUT", 0 0, L_0x7f40769431c8;  1 drivers
o0x7f407698c108 .functor BUFZ 1, C4<z>; HiZ drive
v0x55555efc5a60_0 .net "I0", 0 0, o0x7f407698c108;  0 drivers
v0x55555edde9f0_0 .net "I0_pd", 0 0, L_0x55555f09de90;  1 drivers
o0x7f407698c168 .functor BUFZ 1, C4<z>; HiZ drive
v0x55555ee437e0_0 .net "I1", 0 0, o0x7f407698c168;  0 drivers
v0x55555ee438a0_0 .net "I1_pd", 0 0, L_0x55555f09e0d0;  1 drivers
o0x7f407698c1c8 .functor BUFZ 1, C4<z>; HiZ drive
v0x55555ee43960_0 .net "I2", 0 0, o0x7f407698c1c8;  0 drivers
v0x55555ee43a20_0 .net "I2_pd", 0 0, L_0x55555f09e3c0;  1 drivers
o0x7f407698c228 .functor BUFZ 1, C4<z>; HiZ drive
v0x55555ee43ae0_0 .net "I3", 0 0, o0x7f407698c228;  0 drivers
v0x55555ee43ba0_0 .net "I3_pd", 0 0, L_0x55555f09e660;  1 drivers
v0x55555ee49210_0 .net "LO", 0 0, L_0x55555f09eca0;  1 drivers
v0x55555ee492d0_0 .net "O", 0 0, L_0x55555f09fd80;  1 drivers
o0x7f407698c2e8 .functor BUFZ 1, C4<z>; HiZ drive
v0x55555ee49390_0 .net "SR", 0 0, o0x7f407698c2e8;  0 drivers
v0x55555ee49450_0 .net "SR_pd", 0 0, L_0x55555f09e990;  1 drivers
o0x7f407698c348 .functor BUFZ 1, C4<z>; HiZ drive
; Elide local net with no drivers, v0x55555ee49620_0 name=_ivl_0
v0x55555ee45670_0 .net *"_ivl_10", 0 0, L_0x55555f09e000;  1 drivers
L_0x7f4076943060 .functor BUFT 1, C4<0>, C4<0>, C4<0>, C4<0>;
v0x55555ee45730_0 .net/2u *"_ivl_12", 0 0, L_0x7f4076943060;  1 drivers
o0x7f407698c3d8 .functor BUFZ 1, C4<z>; HiZ drive
; Elide local net with no drivers, v0x55555ee45810_0 name=_ivl_16
v0x55555ee458f0_0 .net *"_ivl_18", 0 0, L_0x55555f09e2c0;  1 drivers
v0x55555ee459b0_0 .net *"_ivl_2", 0 0, L_0x55555f09dd30;  1 drivers
L_0x7f40769430a8 .functor BUFT 1, C4<0>, C4<0>, C4<0>, C4<0>;
v0x55555ee45a70_0 .net/2u *"_ivl_20", 0 0, L_0x7f40769430a8;  1 drivers
o0x7f407698c498 .functor BUFZ 1, C4<z>; HiZ drive
; Elide local net with no drivers, v0x55555ee3bd40_0 name=_ivl_24
v0x55555ee3be20_0 .net *"_ivl_26", 0 0, L_0x55555f09e590;  1 drivers
L_0x7f40769430f0 .functor BUFT 1, C4<0>, C4<0>, C4<0>, C4<0>;
v0x55555ee3bee0_0 .net/2u *"_ivl_28", 0 0, L_0x7f40769430f0;  1 drivers
o0x7f407698c528 .functor BUFZ 1, C4<z>; HiZ drive
; Elide local net with no drivers, v0x55555ee3bfc0_0 name=_ivl_32
v0x55555ee3c0a0_0 .net *"_ivl_34", 0 0, L_0x55555f09e870;  1 drivers
L_0x7f4076943138 .functor BUFT 1, C4<0>, C4<0>, C4<0>, C4<0>;
v0x55555ee3c160_0 .net/2u *"_ivl_36", 0 0, L_0x7f4076943138;  1 drivers
L_0x7f4076943018 .functor BUFT 1, C4<0>, C4<0>, C4<0>, C4<0>;
v0x55555ee3a9f0_0 .net/2u *"_ivl_4", 0 0, L_0x7f4076943018;  1 drivers
o0x7f407698c5e8 .functor BUFZ 1, C4<z>; HiZ drive
; Elide local net with no drivers, v0x55555ee3aad0_0 name=_ivl_40
v0x55555ee3abb0_0 .net *"_ivl_42", 0 0, L_0x55555f09eb30;  1 drivers
L_0x7f4076943180 .functor BUFT 1, C4<1>, C4<0>, C4<0>, C4<0>;
v0x55555ee3ae80_0 .net/2u *"_ivl_44", 0 0, L_0x7f4076943180;  1 drivers
L_0x7f4076943210 .functor BUFT 1, C4<00000000>, C4<0>, C4<0>, C4<0>;
v0x55555ee36e50_0 .net/2u *"_ivl_52", 7 0, L_0x7f4076943210;  1 drivers
L_0x7f4076943258 .functor BUFT 1, C4<00000000>, C4<0>, C4<0>, C4<0>;
v0x55555ee36f30_0 .net/2u *"_ivl_54", 7 0, L_0x7f4076943258;  1 drivers
v0x55555ee37010_0 .net *"_ivl_59", 3 0, L_0x55555f09f090;  1 drivers
v0x55555ee370f0_0 .net *"_ivl_61", 3 0, L_0x55555f09f200;  1 drivers
v0x55555ee371d0_0 .net *"_ivl_65", 1 0, L_0x55555f09f4c0;  1 drivers
v0x55555ee372b0_0 .net *"_ivl_67", 1 0, L_0x55555f09f5b0;  1 drivers
v0x55555ee33260_0 .net *"_ivl_71", 0 0, L_0x55555f09f880;  1 drivers
v0x55555ee33340_0 .net *"_ivl_73", 0 0, L_0x55555f09f650;  1 drivers
v0x55555ee33420_0 .net/2u *"_ivl_78", 0 0, L_0x7f40769432a0;  1 drivers
o0x7f407698c828 .functor BUFZ 1, C4<z>; HiZ drive
; Elide local net with no drivers, v0x55555ee33500_0 name=_ivl_8
v0x55555ee335e0_0 .net "lut_o", 0 0, L_0x55555f09fa20;  1 drivers
v0x55555ee336a0_0 .net "lut_s1", 1 0, L_0x55555f09f6f0;  1 drivers
v0x55555ee38d40_0 .net "lut_s2", 3 0, L_0x55555f09f2a0;  1 drivers
v0x55555ee38e20_0 .net "lut_s3", 7 0, L_0x55555f09ef20;  1 drivers
v0x55555ee38f00_0 .net "mux_cin", 0 0, L_0x55555eec0eb0;  1 drivers
v0x55555ee38fc0_0 .var "o_reg", 0 0;
v0x55555ee39080_0 .var "o_reg_async", 0 0;
v0x55555ee39140_0 .net "polarized_clk", 0 0, L_0x55555f09fcc0;  1 drivers
E_0x55555f029310 .event posedge, v0x55555ee49450_0, v0x55555ee39140_0;
E_0x55555f039c60 .event posedge, v0x55555ee39140_0;
L_0x55555f09dd30 .cmp/eeq 1, o0x7f407698c108, o0x7f407698c348;
L_0x55555f09de90 .functor MUXZ 1, o0x7f407698c108, L_0x7f4076943018, L_0x55555f09dd30, C4<>;
L_0x55555f09e000 .cmp/eeq 1, o0x7f407698c168, o0x7f407698c828;
L_0x55555f09e0d0 .functor MUXZ 1, o0x7f407698c168, L_0x7f4076943060, L_0x55555f09e000, C4<>;
L_0x55555f09e2c0 .cmp/eeq 1, o0x7f407698c1c8, o0x7f407698c3d8;
L_0x55555f09e3c0 .functor MUXZ 1, o0x7f407698c1c8, L_0x7f40769430a8, L_0x55555f09e2c0, C4<>;
L_0x55555f09e590 .cmp/eeq 1, o0x7f407698c228, o0x7f407698c498;
L_0x55555f09e660 .functor MUXZ 1, o0x7f407698c228, L_0x7f40769430f0, L_0x55555f09e590, C4<>;
L_0x55555f09e870 .cmp/eeq 1, o0x7f407698c2e8, o0x7f407698c528;
L_0x55555f09e990 .functor MUXZ 1, o0x7f407698c2e8, L_0x7f4076943138, L_0x55555f09e870, C4<>;
L_0x55555f09eb30 .cmp/eeq 1, o0x7f407698c018, o0x7f407698c5e8;
L_0x55555f09ec00 .functor MUXZ 1, o0x7f407698c018, L_0x7f4076943180, L_0x55555f09eb30, C4<>;
L_0x55555f09ef20 .functor MUXZ 8, L_0x7f4076943258, L_0x7f4076943210, L_0x55555f09e660, C4<>;
L_0x55555f09f090 .part L_0x55555f09ef20, 4, 4;
L_0x55555f09f200 .part L_0x55555f09ef20, 0, 4;
L_0x55555f09f2a0 .functor MUXZ 4, L_0x55555f09f200, L_0x55555f09f090, L_0x55555f09e3c0, C4<>;
L_0x55555f09f4c0 .part L_0x55555f09f2a0, 2, 2;
L_0x55555f09f5b0 .part L_0x55555f09f2a0, 0, 2;
L_0x55555f09f6f0 .functor MUXZ 2, L_0x55555f09f5b0, L_0x55555f09f4c0, L_0x55555f09e0d0, C4<>;
L_0x55555f09f880 .part L_0x55555f09f6f0, 1, 1;
L_0x55555f09f650 .part L_0x55555f09f6f0, 0, 1;
L_0x55555f09fa20 .functor MUXZ 1, L_0x55555f09f650, L_0x55555f09f880, L_0x55555f09de90, C4<>;
S_0x55555f05d930 .scope module, "ICESTORM_RAM" "ICESTORM_RAM" 2 3167;
 .timescale -12 -12;
    .port_info 0 /OUTPUT 1 "RDATA_15";
    .port_info 1 /OUTPUT 1 "RDATA_14";
    .port_info 2 /OUTPUT 1 "RDATA_13";
    .port_info 3 /OUTPUT 1 "RDATA_12";
    .port_info 4 /OUTPUT 1 "RDATA_11";
    .port_info 5 /OUTPUT 1 "RDATA_10";
    .port_info 6 /OUTPUT 1 "RDATA_9";
    .port_info 7 /OUTPUT 1 "RDATA_8";
    .port_info 8 /OUTPUT 1 "RDATA_7";
    .port_info 9 /OUTPUT 1 "RDATA_6";
    .port_info 10 /OUTPUT 1 "RDATA_5";
    .port_info 11 /OUTPUT 1 "RDATA_4";
    .port_info 12 /OUTPUT 1 "RDATA_3";
    .port_info 13 /OUTPUT 1 "RDATA_2";
    .port_info 14 /OUTPUT 1 "RDATA_1";
    .port_info 15 /OUTPUT 1 "RDATA_0";
    .port_info 16 /INPUT 1 "RCLK";
    .port_info 17 /INPUT 1 "RCLKE";
    .port_info 18 /INPUT 1 "RE";
    .port_info 19 /INPUT 1 "RADDR_10";
    .port_info 20 /INPUT 1 "RADDR_9";
    .port_info 21 /INPUT 1 "RADDR_8";
    .port_info 22 /INPUT 1 "RADDR_7";
    .port_info 23 /INPUT 1 "RADDR_6";
    .port_info 24 /INPUT 1 "RADDR_5";
    .port_info 25 /INPUT 1 "RADDR_4";
    .port_info 26 /INPUT 1 "RADDR_3";
    .port_info 27 /INPUT 1 "RADDR_2";
    .port_info 28 /INPUT 1 "RADDR_1";
    .port_info 29 /INPUT 1 "RADDR_0";
    .port_info 30 /INPUT 1 "WCLK";
    .port_info 31 /INPUT 1 "WCLKE";
    .port_info 32 /INPUT 1 "WE";
    .port_info 33 /INPUT 1 "WADDR_10";
    .port_info 34 /INPUT 1 "WADDR_9";
    .port_info 35 /INPUT 1 "WADDR_8";
    .port_info 36 /INPUT 1 "WADDR_7";
    .port_info 37 /INPUT 1 "WADDR_6";
    .port_info 38 /INPUT 1 "WADDR_5";
    .port_info 39 /INPUT 1 "WADDR_4";
    .port_info 40 /INPUT 1 "WADDR_3";
    .port_info 41 /INPUT 1 "WADDR_2";
    .port_info 42 /INPUT 1 "WADDR_1";
    .port_info 43 /INPUT 1 "WADDR_0";
    .port_info 44 /INPUT 1 "MASK_15";
    .port_info 45 /INPUT 1 "MASK_14";
    .port_info 46 /INPUT 1 "MASK_13";
    .port_info 47 /INPUT 1 "MASK_12";
    .port_info 48 /INPUT 1 "MASK_11";
    .port_info 49 /INPUT 1 "MASK_10";
    .port_info 50 /INPUT 1 "MASK_9";
    .port_info 51 /INPUT 1 "MASK_8";
    .port_info 52 /INPUT 1 "MASK_7";
    .port_info 53 /INPUT 1 "MASK_6";
    .port_info 54 /INPUT 1 "MASK_5";
    .port_info 55 /INPUT 1 "MASK_4";
    .port_info 56 /INPUT 1 "MASK_3";
    .port_info 57 /INPUT 1 "MASK_2";
    .port_info 58 /INPUT 1 "MASK_1";
    .port_info 59 /INPUT 1 "MASK_0";
    .port_info 60 /INPUT 1 "WDATA_15";
    .port_info 61 /INPUT 1 "WDATA_14";
    .port_info 62 /INPUT 1 "WDATA_13";
    .port_info 63 /INPUT 1 "WDATA_12";
    .port_info 64 /INPUT 1 "WDATA_11";
    .port_info 65 /INPUT 1 "WDATA_10";
    .port_info 66 /INPUT 1 "WDATA_9";
    .port_info 67 /INPUT 1 "WDATA_8";
    .port_info 68 /INPUT 1 "WDATA_7";
    .port_info 69 /INPUT 1 "WDATA_6";
    .port_info 70 /INPUT 1 "WDATA_5";
    .port_info 71 /INPUT 1 "WDATA_4";
    .port_info 72 /INPUT 1 "WDATA_3";
    .port_info 73 /INPUT 1 "WDATA_2";
    .port_info 74 /INPUT 1 "WDATA_1";
    .port_info 75 /INPUT 1 "WDATA_0";
P_0x55555ee290b0 .param/l "INIT_0" 0 2 3182, C4<0000000000000000000000000000000000000000000000000000000000000000000000000000000000000000000000000000000000000000000000000000000000000000000000000000000000000000000000000000000000000000000000000000000000000000000000000000000000000000000000000000000000000000>;
P_0x55555ee290f0 .param/l "INIT_1" 0 2 3183, C4<0000000000000000000000000000000000000000000000000000000000000000000000000000000000000000000000000000000000000000000000000000000000000000000000000000000000000000000000000000000000000000000000000000000000000000000000000000000000000000000000000000000000000000>;
P_0x55555ee29130 .param/l "INIT_2" 0 2 3184, C4<0000000000000000000000000000000000000000000000000000000000000000000000000000000000000000000000000000000000000000000000000000000000000000000000000000000000000000000000000000000000000000000000000000000000000000000000000000000000000000000000000000000000000000>;
P_0x55555ee29170 .param/l "INIT_3" 0 2 3185, C4<0000000000000000000000000000000000000000000000000000000000000000000000000000000000000000000000000000000000000000000000000000000000000000000000000000000000000000000000000000000000000000000000000000000000000000000000000000000000000000000000000000000000000000>;
P_0x55555ee291b0 .param/l "INIT_4" 0 2 3186, C4<0000000000000000000000000000000000000000000000000000000000000000000000000000000000000000000000000000000000000000000000000000000000000000000000000000000000000000000000000000000000000000000000000000000000000000000000000000000000000000000000000000000000000000>;
P_0x55555ee291f0 .param/l "INIT_5" 0 2 3187, C4<0000000000000000000000000000000000000000000000000000000000000000000000000000000000000000000000000000000000000000000000000000000000000000000000000000000000000000000000000000000000000000000000000000000000000000000000000000000000000000000000000000000000000000>;
P_0x55555ee29230 .param/l "INIT_6" 0 2 3188, C4<0000000000000000000000000000000000000000000000000000000000000000000000000000000000000000000000000000000000000000000000000000000000000000000000000000000000000000000000000000000000000000000000000000000000000000000000000000000000000000000000000000000000000000>;
P_0x55555ee29270 .param/l "INIT_7" 0 2 3189, C4<0000000000000000000000000000000000000000000000000000000000000000000000000000000000000000000000000000000000000000000000000000000000000000000000000000000000000000000000000000000000000000000000000000000000000000000000000000000000000000000000000000000000000000>;
P_0x55555ee292b0 .param/l "INIT_8" 0 2 3190, C4<0000000000000000000000000000000000000000000000000000000000000000000000000000000000000000000000000000000000000000000000000000000000000000000000000000000000000000000000000000000000000000000000000000000000000000000000000000000000000000000000000000000000000000>;
P_0x55555ee292f0 .param/l "INIT_9" 0 2 3191, C4<0000000000000000000000000000000000000000000000000000000000000000000000000000000000000000000000000000000000000000000000000000000000000000000000000000000000000000000000000000000000000000000000000000000000000000000000000000000000000000000000000000000000000000>;
P_0x55555ee29330 .param/l "INIT_A" 0 2 3192, C4<0000000000000000000000000000000000000000000000000000000000000000000000000000000000000000000000000000000000000000000000000000000000000000000000000000000000000000000000000000000000000000000000000000000000000000000000000000000000000000000000000000000000000000>;
P_0x55555ee29370 .param/l "INIT_B" 0 2 3193, C4<0000000000000000000000000000000000000000000000000000000000000000000000000000000000000000000000000000000000000000000000000000000000000000000000000000000000000000000000000000000000000000000000000000000000000000000000000000000000000000000000000000000000000000>;
P_0x55555ee293b0 .param/l "INIT_C" 0 2 3194, C4<0000000000000000000000000000000000000000000000000000000000000000000000000000000000000000000000000000000000000000000000000000000000000000000000000000000000000000000000000000000000000000000000000000000000000000000000000000000000000000000000000000000000000000>;
P_0x55555ee293f0 .param/l "INIT_D" 0 2 3195, C4<0000000000000000000000000000000000000000000000000000000000000000000000000000000000000000000000000000000000000000000000000000000000000000000000000000000000000000000000000000000000000000000000000000000000000000000000000000000000000000000000000000000000000000>;
P_0x55555ee29430 .param/l "INIT_E" 0 2 3196, C4<0000000000000000000000000000000000000000000000000000000000000000000000000000000000000000000000000000000000000000000000000000000000000000000000000000000000000000000000000000000000000000000000000000000000000000000000000000000000000000000000000000000000000000>;
P_0x55555ee29470 .param/l "INIT_F" 0 2 3197, C4<0000000000000000000000000000000000000000000000000000000000000000000000000000000000000000000000000000000000000000000000000000000000000000000000000000000000000000000000000000000000000000000000000000000000000000000000000000000000000000000000000000000000000000>;
P_0x55555ee294b0 .param/l "NEG_CLK_R" 0 2 3179, C4<0>;
P_0x55555ee294f0 .param/l "NEG_CLK_W" 0 2 3180, C4<0>;
P_0x55555ee29530 .param/l "READ_MODE" 0 2 3177, +C4<00000000000000000000000000000000>;
P_0x55555ee29570 .param/l "WRITE_MODE" 0 2 3176, +C4<00000000000000000000000000000000>;
L_0x7f4076943330 .functor BUFT 1, C4<0>, C4<0>, C4<0>, C4<0>;
L_0x55555f0b0bc0 .functor XOR 1, L_0x55555f0b1290, L_0x7f4076943330, C4<0>, C4<0>;
L_0x7f4076943378 .functor BUFT 1, C4<0>, C4<0>, C4<0>, C4<0>;
L_0x55555f0b2c00 .functor XOR 1, L_0x55555f0b2a50, L_0x7f4076943378, C4<0>, C4<0>;
o0x7f407698d1b8 .functor BUFZ 1, C4<z>; HiZ drive
v0x55555f066930_0 .net "MASK_0", 0 0, o0x7f407698d1b8;  0 drivers
o0x7f407698d1e8 .functor BUFZ 1, C4<z>; HiZ drive
v0x55555f066a10_0 .net "MASK_1", 0 0, o0x7f407698d1e8;  0 drivers
o0x7f407698d218 .functor BUFZ 1, C4<z>; HiZ drive
v0x55555f066ad0_0 .net "MASK_10", 0 0, o0x7f407698d218;  0 drivers
o0x7f407698d248 .functor BUFZ 1, C4<z>; HiZ drive
v0x55555f066b70_0 .net "MASK_11", 0 0, o0x7f407698d248;  0 drivers
o0x7f407698d278 .functor BUFZ 1, C4<z>; HiZ drive
v0x55555f066c30_0 .net "MASK_12", 0 0, o0x7f407698d278;  0 drivers
o0x7f407698d2a8 .functor BUFZ 1, C4<z>; HiZ drive
v0x55555f066d40_0 .net "MASK_13", 0 0, o0x7f407698d2a8;  0 drivers
o0x7f407698d2d8 .functor BUFZ 1, C4<z>; HiZ drive
v0x55555f066e00_0 .net "MASK_14", 0 0, o0x7f407698d2d8;  0 drivers
o0x7f407698d308 .functor BUFZ 1, C4<z>; HiZ drive
v0x55555f066ec0_0 .net "MASK_15", 0 0, o0x7f407698d308;  0 drivers
o0x7f407698d338 .functor BUFZ 1, C4<z>; HiZ drive
v0x55555f066f80_0 .net "MASK_2", 0 0, o0x7f407698d338;  0 drivers
o0x7f407698d368 .functor BUFZ 1, C4<z>; HiZ drive
v0x55555f067040_0 .net "MASK_3", 0 0, o0x7f407698d368;  0 drivers
o0x7f407698d398 .functor BUFZ 1, C4<z>; HiZ drive
v0x55555f067100_0 .net "MASK_4", 0 0, o0x7f407698d398;  0 drivers
o0x7f407698d3c8 .functor BUFZ 1, C4<z>; HiZ drive
v0x55555f0671c0_0 .net "MASK_5", 0 0, o0x7f407698d3c8;  0 drivers
o0x7f407698d3f8 .functor BUFZ 1, C4<z>; HiZ drive
v0x55555f067280_0 .net "MASK_6", 0 0, o0x7f407698d3f8;  0 drivers
o0x7f407698d428 .functor BUFZ 1, C4<z>; HiZ drive
v0x55555f067340_0 .net "MASK_7", 0 0, o0x7f407698d428;  0 drivers
o0x7f407698d458 .functor BUFZ 1, C4<z>; HiZ drive
v0x55555f067400_0 .net "MASK_8", 0 0, o0x7f407698d458;  0 drivers
o0x7f407698d488 .functor BUFZ 1, C4<z>; HiZ drive
v0x55555f0674c0_0 .net "MASK_9", 0 0, o0x7f407698d488;  0 drivers
o0x7f407698d4b8 .functor BUFZ 1, C4<z>; HiZ drive
v0x55555f067580_0 .net "RADDR_0", 0 0, o0x7f407698d4b8;  0 drivers
o0x7f407698d4e8 .functor BUFZ 1, C4<z>; HiZ drive
v0x55555f067750_0 .net "RADDR_1", 0 0, o0x7f407698d4e8;  0 drivers
o0x7f407698d518 .functor BUFZ 1, C4<z>; HiZ drive
v0x55555f067810_0 .net "RADDR_10", 0 0, o0x7f407698d518;  0 drivers
o0x7f407698d548 .functor BUFZ 1, C4<z>; HiZ drive
v0x55555f0678d0_0 .net "RADDR_2", 0 0, o0x7f407698d548;  0 drivers
o0x7f407698d578 .functor BUFZ 1, C4<z>; HiZ drive
v0x55555f067990_0 .net "RADDR_3", 0 0, o0x7f407698d578;  0 drivers
o0x7f407698d5a8 .functor BUFZ 1, C4<z>; HiZ drive
v0x55555f067a50_0 .net "RADDR_4", 0 0, o0x7f407698d5a8;  0 drivers
o0x7f407698d5d8 .functor BUFZ 1, C4<z>; HiZ drive
v0x55555f067b10_0 .net "RADDR_5", 0 0, o0x7f407698d5d8;  0 drivers
o0x7f407698d608 .functor BUFZ 1, C4<z>; HiZ drive
v0x55555f067bd0_0 .net "RADDR_6", 0 0, o0x7f407698d608;  0 drivers
o0x7f407698d638 .functor BUFZ 1, C4<z>; HiZ drive
v0x55555f067c90_0 .net "RADDR_7", 0 0, o0x7f407698d638;  0 drivers
o0x7f407698d668 .functor BUFZ 1, C4<z>; HiZ drive
v0x55555f067d50_0 .net "RADDR_8", 0 0, o0x7f407698d668;  0 drivers
o0x7f407698d698 .functor BUFZ 1, C4<z>; HiZ drive
v0x55555f067e10_0 .net "RADDR_9", 0 0, o0x7f407698d698;  0 drivers
o0x7f407698d6c8 .functor BUFZ 1, C4<z>; HiZ drive
v0x55555f067ed0_0 .net "RCLK", 0 0, o0x7f407698d6c8;  0 drivers
o0x7f407698d6f8 .functor BUFZ 1, C4<z>; HiZ drive
v0x55555f067f90_0 .net "RCLKE", 0 0, o0x7f407698d6f8;  0 drivers
v0x55555f068050_0 .net "RDATA_0", 0 0, L_0x55555f0b1130;  1 drivers
v0x55555f068110_0 .net "RDATA_1", 0 0, L_0x55555f0b0e50;  1 drivers
v0x55555f0681d0_0 .net "RDATA_10", 0 0, L_0x55555f0b0440;  1 drivers
v0x55555f068290_0 .net "RDATA_11", 0 0, L_0x55555f0b0370;  1 drivers
v0x55555f068560_0 .net "RDATA_12", 0 0, L_0x55555f0b0270;  1 drivers
v0x55555f068620_0 .net "RDATA_13", 0 0, L_0x55555f0b01a0;  1 drivers
v0x55555f0686e0_0 .net "RDATA_14", 0 0, L_0x55555f0b00d0;  1 drivers
v0x55555f0687a0_0 .net "RDATA_15", 0 0, L_0x55555f0affb0;  1 drivers
v0x55555f068860_0 .net "RDATA_2", 0 0, L_0x55555f0b0d00;  1 drivers
v0x55555f068920_0 .net "RDATA_3", 0 0, L_0x55555f0b0c30;  1 drivers
v0x55555f0689e0_0 .net "RDATA_4", 0 0, L_0x55555f0b0af0;  1 drivers
v0x55555f068aa0_0 .net "RDATA_5", 0 0, L_0x55555f0b0a20;  1 drivers
v0x55555f068b60_0 .net "RDATA_6", 0 0, L_0x55555f0b08f0;  1 drivers
v0x55555f068c20_0 .net "RDATA_7", 0 0, L_0x55555f0b0820;  1 drivers
v0x55555f068ce0_0 .net "RDATA_8", 0 0, L_0x55555f0b0700;  1 drivers
v0x55555f068da0_0 .net "RDATA_9", 0 0, L_0x55555f0b0550;  1 drivers
o0x7f407698da28 .functor BUFZ 1, C4<z>; HiZ drive
v0x55555f068e60_0 .net "RE", 0 0, o0x7f407698da28;  0 drivers
o0x7f407698da58 .functor BUFZ 1, C4<z>; HiZ drive
v0x55555f068f20_0 .net "WADDR_0", 0 0, o0x7f407698da58;  0 drivers
o0x7f407698da88 .functor BUFZ 1, C4<z>; HiZ drive
v0x55555f068fe0_0 .net "WADDR_1", 0 0, o0x7f407698da88;  0 drivers
o0x7f407698dab8 .functor BUFZ 1, C4<z>; HiZ drive
v0x55555f0690a0_0 .net "WADDR_10", 0 0, o0x7f407698dab8;  0 drivers
o0x7f407698dae8 .functor BUFZ 1, C4<z>; HiZ drive
v0x55555f069160_0 .net "WADDR_2", 0 0, o0x7f407698dae8;  0 drivers
o0x7f407698db18 .functor BUFZ 1, C4<z>; HiZ drive
v0x55555f069220_0 .net "WADDR_3", 0 0, o0x7f407698db18;  0 drivers
o0x7f407698db48 .functor BUFZ 1, C4<z>; HiZ drive
v0x55555f0692e0_0 .net "WADDR_4", 0 0, o0x7f407698db48;  0 drivers
o0x7f407698db78 .functor BUFZ 1, C4<z>; HiZ drive
v0x55555f0693a0_0 .net "WADDR_5", 0 0, o0x7f407698db78;  0 drivers
o0x7f407698dba8 .functor BUFZ 1, C4<z>; HiZ drive
v0x55555f069460_0 .net "WADDR_6", 0 0, o0x7f407698dba8;  0 drivers
o0x7f407698dbd8 .functor BUFZ 1, C4<z>; HiZ drive
v0x55555f069520_0 .net "WADDR_7", 0 0, o0x7f407698dbd8;  0 drivers
o0x7f407698dc08 .functor BUFZ 1, C4<z>; HiZ drive
v0x55555f0695e0_0 .net "WADDR_8", 0 0, o0x7f407698dc08;  0 drivers
o0x7f407698dc38 .functor BUFZ 1, C4<z>; HiZ drive
v0x55555f0696a0_0 .net "WADDR_9", 0 0, o0x7f407698dc38;  0 drivers
o0x7f407698dc68 .functor BUFZ 1, C4<z>; HiZ drive
v0x55555f069760_0 .net "WCLK", 0 0, o0x7f407698dc68;  0 drivers
o0x7f407698dc98 .functor BUFZ 1, C4<z>; HiZ drive
v0x55555f069820_0 .net "WCLKE", 0 0, o0x7f407698dc98;  0 drivers
o0x7f407698dcc8 .functor BUFZ 1, C4<z>; HiZ drive
v0x55555f0698e0_0 .net "WDATA_0", 0 0, o0x7f407698dcc8;  0 drivers
o0x7f407698dcf8 .functor BUFZ 1, C4<z>; HiZ drive
v0x55555f0699a0_0 .net "WDATA_1", 0 0, o0x7f407698dcf8;  0 drivers
o0x7f407698dd28 .functor BUFZ 1, C4<z>; HiZ drive
v0x55555f069a60_0 .net "WDATA_10", 0 0, o0x7f407698dd28;  0 drivers
o0x7f407698dd58 .functor BUFZ 1, C4<z>; HiZ drive
v0x55555f069b20_0 .net "WDATA_11", 0 0, o0x7f407698dd58;  0 drivers
o0x7f407698dd88 .functor BUFZ 1, C4<z>; HiZ drive
v0x55555f069be0_0 .net "WDATA_12", 0 0, o0x7f407698dd88;  0 drivers
o0x7f407698ddb8 .functor BUFZ 1, C4<z>; HiZ drive
v0x55555f069ca0_0 .net "WDATA_13", 0 0, o0x7f407698ddb8;  0 drivers
o0x7f407698dde8 .functor BUFZ 1, C4<z>; HiZ drive
v0x55555f069d60_0 .net "WDATA_14", 0 0, o0x7f407698dde8;  0 drivers
o0x7f407698de18 .functor BUFZ 1, C4<z>; HiZ drive
v0x55555f069e20_0 .net "WDATA_15", 0 0, o0x7f407698de18;  0 drivers
o0x7f407698de48 .functor BUFZ 1, C4<z>; HiZ drive
v0x55555f069ee0_0 .net "WDATA_2", 0 0, o0x7f407698de48;  0 drivers
o0x7f407698de78 .functor BUFZ 1, C4<z>; HiZ drive
v0x55555f069fa0_0 .net "WDATA_3", 0 0, o0x7f407698de78;  0 drivers
o0x7f407698dea8 .functor BUFZ 1, C4<z>; HiZ drive
v0x55555f06a060_0 .net "WDATA_4", 0 0, o0x7f407698dea8;  0 drivers
o0x7f407698ded8 .functor BUFZ 1, C4<z>; HiZ drive
v0x55555f06a120_0 .net "WDATA_5", 0 0, o0x7f407698ded8;  0 drivers
o0x7f407698df08 .functor BUFZ 1, C4<z>; HiZ drive
v0x55555f06a1e0_0 .net "WDATA_6", 0 0, o0x7f407698df08;  0 drivers
o0x7f407698df38 .functor BUFZ 1, C4<z>; HiZ drive
v0x55555f06a2a0_0 .net "WDATA_7", 0 0, o0x7f407698df38;  0 drivers
o0x7f407698df68 .functor BUFZ 1, C4<z>; HiZ drive
v0x55555f06a360_0 .net "WDATA_8", 0 0, o0x7f407698df68;  0 drivers
o0x7f407698df98 .functor BUFZ 1, C4<z>; HiZ drive
v0x55555f06a420_0 .net "WDATA_9", 0 0, o0x7f407698df98;  0 drivers
o0x7f407698dfc8 .functor BUFZ 1, C4<z>; HiZ drive
v0x55555f06a4e0_0 .net "WE", 0 0, o0x7f407698dfc8;  0 drivers
v0x55555f06a5a0_0 .net *"_ivl_100", 0 0, L_0x55555f0b5010;  1 drivers
v0x55555f06a680_0 .net *"_ivl_102", 0 0, L_0x55555f0b4d60;  1 drivers
v0x55555f06a760_0 .net *"_ivl_104", 0 0, L_0x55555f0b4e60;  1 drivers
v0x55555f06a840_0 .net *"_ivl_106", 0 0, L_0x55555f0b5500;  1 drivers
v0x55555f06a920_0 .net *"_ivl_108", 0 0, L_0x55555f0b5600;  1 drivers
v0x55555f06aa00_0 .net *"_ivl_110", 0 0, L_0x55555f0b58e0;  1 drivers
v0x55555f06aae0_0 .net *"_ivl_112", 0 0, L_0x55555f0b59e0;  1 drivers
v0x55555f06abc0_0 .net *"_ivl_114", 0 0, L_0x55555f0b5cd0;  1 drivers
v0x55555f06aca0_0 .net *"_ivl_116", 0 0, L_0x55555f0b5dd0;  1 drivers
v0x55555f06ad80_0 .net *"_ivl_120", 0 0, L_0x55555f0b66c0;  1 drivers
v0x55555f06ae60_0 .net *"_ivl_122", 0 0, L_0x55555f0b6970;  1 drivers
v0x55555f06af40_0 .net *"_ivl_124", 0 0, L_0x55555f0b6a10;  1 drivers
v0x55555f06b020_0 .net *"_ivl_126", 0 0, L_0x55555f0b6cd0;  1 drivers
v0x55555f06b100_0 .net *"_ivl_128", 0 0, L_0x55555f0b6d70;  1 drivers
v0x55555f06b1e0_0 .net *"_ivl_130", 0 0, L_0x55555f0b7040;  1 drivers
v0x55555f06b2c0_0 .net *"_ivl_132", 0 0, L_0x55555f0b70e0;  1 drivers
v0x55555f06b3a0_0 .net *"_ivl_134", 0 0, L_0x55555f0b73c0;  1 drivers
v0x55555f06b480_0 .net *"_ivl_136", 0 0, L_0x55555f0b7460;  1 drivers
v0x55555f06b560_0 .net *"_ivl_138", 0 0, L_0x55555f0b7780;  1 drivers
v0x55555f06b640_0 .net *"_ivl_140", 0 0, L_0x55555f0b7880;  1 drivers
v0x55555f06b720_0 .net *"_ivl_142", 0 0, L_0x55555f0b7be0;  1 drivers
v0x55555f06b800_0 .net *"_ivl_144", 0 0, L_0x55555f0b7ce0;  1 drivers
v0x55555f06b8e0_0 .net *"_ivl_146", 0 0, L_0x55555f0b8050;  1 drivers
v0x55555f06b9c0_0 .net *"_ivl_148", 0 0, L_0x55555f0b8150;  1 drivers
v0x55555f06baa0_0 .net *"_ivl_150", 0 0, L_0x55555f0b84d0;  1 drivers
v0x55555f06bb80_0 .net *"_ivl_18", 0 0, L_0x55555f0b1290;  1 drivers
v0x55555f06bc60_0 .net/2u *"_ivl_19", 0 0, L_0x7f4076943330;  1 drivers
v0x55555f06bd40_0 .net *"_ivl_28", 0 0, L_0x55555f0b1630;  1 drivers
v0x55555f06be20_0 .net *"_ivl_30", 0 0, L_0x55555f0b1490;  1 drivers
v0x55555f06bf00_0 .net *"_ivl_32", 0 0, L_0x55555f0b1840;  1 drivers
v0x55555f06bfe0_0 .net *"_ivl_34", 0 0, L_0x55555f0b1a00;  1 drivers
v0x55555f06c0c0_0 .net *"_ivl_36", 0 0, L_0x55555f0b1b00;  1 drivers
v0x55555f06c1a0_0 .net *"_ivl_38", 0 0, L_0x55555f0b1cd0;  1 drivers
v0x55555f06c280_0 .net *"_ivl_40", 0 0, L_0x55555f0b1dd0;  1 drivers
v0x55555f06c360_0 .net *"_ivl_42", 0 0, L_0x55555f0b1fb0;  1 drivers
v0x55555f06c440_0 .net *"_ivl_44", 0 0, L_0x55555f0b20b0;  1 drivers
v0x55555f06c520_0 .net *"_ivl_46", 0 0, L_0x55555f0b22a0;  1 drivers
v0x55555f06c600_0 .net *"_ivl_48", 0 0, L_0x55555f0b23a0;  1 drivers
v0x55555f06c6e0_0 .net *"_ivl_52", 0 0, L_0x55555f0b2a50;  1 drivers
v0x55555f06c7c0_0 .net/2u *"_ivl_53", 0 0, L_0x7f4076943378;  1 drivers
v0x55555f06c8a0_0 .net *"_ivl_62", 0 0, L_0x55555f0b2f70;  1 drivers
v0x55555f06c980_0 .net *"_ivl_64", 0 0, L_0x55555f0b3010;  1 drivers
v0x55555f06ca60_0 .net *"_ivl_66", 0 0, L_0x55555f0b31e0;  1 drivers
v0x55555f06cb40_0 .net *"_ivl_68", 0 0, L_0x55555f0b32b0;  1 drivers
v0x55555f06cc20_0 .net *"_ivl_70", 0 0, L_0x55555f0b34f0;  1 drivers
v0x55555f06cd00_0 .net *"_ivl_72", 0 0, L_0x55555f0b35f0;  1 drivers
v0x55555f06cde0_0 .net *"_ivl_74", 0 0, L_0x55555f0b3840;  1 drivers
v0x55555f06cec0_0 .net *"_ivl_76", 0 0, L_0x55555f0b3940;  1 drivers
v0x55555f06cfa0_0 .net *"_ivl_78", 0 0, L_0x55555f0b3ba0;  1 drivers
v0x55555f06d080_0 .net *"_ivl_80", 0 0, L_0x55555f0b3ca0;  1 drivers
v0x55555f06d160_0 .net *"_ivl_82", 0 0, L_0x55555f0b3f10;  1 drivers
v0x55555f06d240_0 .net *"_ivl_86", 0 0, L_0x55555f0b4640;  1 drivers
v0x55555f06d320_0 .net *"_ivl_88", 0 0, L_0x55555f0b46e0;  1 drivers
v0x55555f06dc10_0 .net *"_ivl_90", 0 0, L_0x55555f0b4910;  1 drivers
v0x55555f06dcf0_0 .net *"_ivl_92", 0 0, L_0x55555f0b49b0;  1 drivers
v0x55555f06ddd0_0 .net *"_ivl_94", 0 0, L_0x55555f0b4bf0;  1 drivers
v0x55555f06deb0_0 .net *"_ivl_96", 0 0, L_0x55555f0b4c90;  1 drivers
v0x55555f06df90_0 .net *"_ivl_98", 0 0, L_0x55555f0b4f10;  1 drivers
L_0x55555f0affb0 .part v0x55555f0655f0_0, 15, 1;
L_0x55555f0b00d0 .part v0x55555f0655f0_0, 14, 1;
L_0x55555f0b01a0 .part v0x55555f0655f0_0, 13, 1;
L_0x55555f0b0270 .part v0x55555f0655f0_0, 12, 1;
L_0x55555f0b0370 .part v0x55555f0655f0_0, 11, 1;
L_0x55555f0b0440 .part v0x55555f0655f0_0, 10, 1;
L_0x55555f0b0550 .part v0x55555f0655f0_0, 9, 1;
L_0x55555f0b0700 .part v0x55555f0655f0_0, 8, 1;
L_0x55555f0b0820 .part v0x55555f0655f0_0, 7, 1;
L_0x55555f0b08f0 .part v0x55555f0655f0_0, 6, 1;
L_0x55555f0b0a20 .part v0x55555f0655f0_0, 5, 1;
L_0x55555f0b0af0 .part v0x55555f0655f0_0, 4, 1;
L_0x55555f0b0c30 .part v0x55555f0655f0_0, 3, 1;
L_0x55555f0b0d00 .part v0x55555f0655f0_0, 2, 1;
L_0x55555f0b0e50 .part v0x55555f0655f0_0, 1, 1;
L_0x55555f0b1130 .part v0x55555f0655f0_0, 0, 1;
L_0x55555f0b1290 .ufunc/vec4 TD_ICESTORM_RAM.pd, 1, o0x7f407698d6c8 (v0x55555f066510_0) S_0x55555f0662a0;
L_0x55555f0b13f0 .ufunc/vec4 TD_ICESTORM_RAM.pu, 1, o0x7f407698d6f8 (v0x55555f066870_0) S_0x55555f0665d0;
L_0x55555f0b1530 .ufunc/vec4 TD_ICESTORM_RAM.pd, 1, o0x7f407698da28 (v0x55555f066510_0) S_0x55555f0662a0;
L_0x55555f0b1630 .ufunc/vec4 TD_ICESTORM_RAM.pd, 1, o0x7f407698d518 (v0x55555f066510_0) S_0x55555f0662a0;
L_0x55555f0b1490 .ufunc/vec4 TD_ICESTORM_RAM.pd, 1, o0x7f407698d698 (v0x55555f066510_0) S_0x55555f0662a0;
L_0x55555f0b1840 .ufunc/vec4 TD_ICESTORM_RAM.pd, 1, o0x7f407698d668 (v0x55555f066510_0) S_0x55555f0662a0;
L_0x55555f0b1a00 .ufunc/vec4 TD_ICESTORM_RAM.pd, 1, o0x7f407698d638 (v0x55555f066510_0) S_0x55555f0662a0;
L_0x55555f0b1b00 .ufunc/vec4 TD_ICESTORM_RAM.pd, 1, o0x7f407698d608 (v0x55555f066510_0) S_0x55555f0662a0;
L_0x55555f0b1cd0 .ufunc/vec4 TD_ICESTORM_RAM.pd, 1, o0x7f407698d5d8 (v0x55555f066510_0) S_0x55555f0662a0;
L_0x55555f0b1dd0 .ufunc/vec4 TD_ICESTORM_RAM.pd, 1, o0x7f407698d5a8 (v0x55555f066510_0) S_0x55555f0662a0;
L_0x55555f0b1fb0 .ufunc/vec4 TD_ICESTORM_RAM.pd, 1, o0x7f407698d578 (v0x55555f066510_0) S_0x55555f0662a0;
L_0x55555f0b20b0 .ufunc/vec4 TD_ICESTORM_RAM.pd, 1, o0x7f407698d548 (v0x55555f066510_0) S_0x55555f0662a0;
L_0x55555f0b22a0 .ufunc/vec4 TD_ICESTORM_RAM.pd, 1, o0x7f407698d4e8 (v0x55555f066510_0) S_0x55555f0662a0;
L_0x55555f0b23a0 .ufunc/vec4 TD_ICESTORM_RAM.pd, 1, o0x7f407698d4b8 (v0x55555f066510_0) S_0x55555f0662a0;
LS_0x55555f0b25a0_0_0 .concat [ 1 1 1 1], L_0x55555f0b23a0, L_0x55555f0b22a0, L_0x55555f0b20b0, L_0x55555f0b1fb0;
LS_0x55555f0b25a0_0_4 .concat [ 1 1 1 1], L_0x55555f0b1dd0, L_0x55555f0b1cd0, L_0x55555f0b1b00, L_0x55555f0b1a00;
LS_0x55555f0b25a0_0_8 .concat [ 1 1 1 0], L_0x55555f0b1840, L_0x55555f0b1490, L_0x55555f0b1630;
L_0x55555f0b25a0 .concat [ 4 4 3 0], LS_0x55555f0b25a0_0_0, LS_0x55555f0b25a0_0_4, LS_0x55555f0b25a0_0_8;
L_0x55555f0b2a50 .ufunc/vec4 TD_ICESTORM_RAM.pd, 1, o0x7f407698dc68 (v0x55555f066510_0) S_0x55555f0662a0;
L_0x55555f0b2d10 .ufunc/vec4 TD_ICESTORM_RAM.pu, 1, o0x7f407698dc98 (v0x55555f066870_0) S_0x55555f0665d0;
L_0x55555f0b2db0 .ufunc/vec4 TD_ICESTORM_RAM.pd, 1, o0x7f407698dfc8 (v0x55555f066510_0) S_0x55555f0662a0;
L_0x55555f0b2f70 .ufunc/vec4 TD_ICESTORM_RAM.pd, 1, o0x7f407698dab8 (v0x55555f066510_0) S_0x55555f0662a0;
L_0x55555f0b3010 .ufunc/vec4 TD_ICESTORM_RAM.pd, 1, o0x7f407698dc38 (v0x55555f066510_0) S_0x55555f0662a0;
L_0x55555f0b31e0 .ufunc/vec4 TD_ICESTORM_RAM.pd, 1, o0x7f407698dc08 (v0x55555f066510_0) S_0x55555f0662a0;
L_0x55555f0b32b0 .ufunc/vec4 TD_ICESTORM_RAM.pd, 1, o0x7f407698dbd8 (v0x55555f066510_0) S_0x55555f0662a0;
L_0x55555f0b34f0 .ufunc/vec4 TD_ICESTORM_RAM.pd, 1, o0x7f407698dba8 (v0x55555f066510_0) S_0x55555f0662a0;
L_0x55555f0b35f0 .ufunc/vec4 TD_ICESTORM_RAM.pd, 1, o0x7f407698db78 (v0x55555f066510_0) S_0x55555f0662a0;
L_0x55555f0b3840 .ufunc/vec4 TD_ICESTORM_RAM.pd, 1, o0x7f407698db48 (v0x55555f066510_0) S_0x55555f0662a0;
L_0x55555f0b3940 .ufunc/vec4 TD_ICESTORM_RAM.pd, 1, o0x7f407698db18 (v0x55555f066510_0) S_0x55555f0662a0;
L_0x55555f0b3ba0 .ufunc/vec4 TD_ICESTORM_RAM.pd, 1, o0x7f407698dae8 (v0x55555f066510_0) S_0x55555f0662a0;
L_0x55555f0b3ca0 .ufunc/vec4 TD_ICESTORM_RAM.pd, 1, o0x7f407698da88 (v0x55555f066510_0) S_0x55555f0662a0;
L_0x55555f0b3f10 .ufunc/vec4 TD_ICESTORM_RAM.pd, 1, o0x7f407698da58 (v0x55555f066510_0) S_0x55555f0662a0;
LS_0x55555f0b4010_0_0 .concat [ 1 1 1 1], L_0x55555f0b3f10, L_0x55555f0b3ca0, L_0x55555f0b3ba0, L_0x55555f0b3940;
LS_0x55555f0b4010_0_4 .concat [ 1 1 1 1], L_0x55555f0b3840, L_0x55555f0b35f0, L_0x55555f0b34f0, L_0x55555f0b32b0;
LS_0x55555f0b4010_0_8 .concat [ 1 1 1 0], L_0x55555f0b31e0, L_0x55555f0b3010, L_0x55555f0b2f70;
L_0x55555f0b4010 .concat [ 4 4 3 0], LS_0x55555f0b4010_0_0, LS_0x55555f0b4010_0_4, LS_0x55555f0b4010_0_8;
L_0x55555f0b4640 .ufunc/vec4 TD_ICESTORM_RAM.pd, 1, o0x7f407698d308 (v0x55555f066510_0) S_0x55555f0662a0;
L_0x55555f0b46e0 .ufunc/vec4 TD_ICESTORM_RAM.pd, 1, o0x7f407698d2d8 (v0x55555f066510_0) S_0x55555f0662a0;
L_0x55555f0b4910 .ufunc/vec4 TD_ICESTORM_RAM.pd, 1, o0x7f407698d2a8 (v0x55555f066510_0) S_0x55555f0662a0;
L_0x55555f0b49b0 .ufunc/vec4 TD_ICESTORM_RAM.pd, 1, o0x7f407698d278 (v0x55555f066510_0) S_0x55555f0662a0;
L_0x55555f0b4bf0 .ufunc/vec4 TD_ICESTORM_RAM.pd, 1, o0x7f407698d248 (v0x55555f066510_0) S_0x55555f0662a0;
L_0x55555f0b4c90 .ufunc/vec4 TD_ICESTORM_RAM.pd, 1, o0x7f407698d218 (v0x55555f066510_0) S_0x55555f0662a0;
L_0x55555f0b4f10 .ufunc/vec4 TD_ICESTORM_RAM.pd, 1, o0x7f407698d488 (v0x55555f066510_0) S_0x55555f0662a0;
L_0x55555f0b5010 .ufunc/vec4 TD_ICESTORM_RAM.pd, 1, o0x7f407698d458 (v0x55555f066510_0) S_0x55555f0662a0;
L_0x55555f0b4d60 .ufunc/vec4 TD_ICESTORM_RAM.pd, 1, o0x7f407698d428 (v0x55555f066510_0) S_0x55555f0662a0;
L_0x55555f0b4e60 .ufunc/vec4 TD_ICESTORM_RAM.pd, 1, o0x7f407698d3f8 (v0x55555f066510_0) S_0x55555f0662a0;
L_0x55555f0b5500 .ufunc/vec4 TD_ICESTORM_RAM.pd, 1, o0x7f407698d3c8 (v0x55555f066510_0) S_0x55555f0662a0;
L_0x55555f0b5600 .ufunc/vec4 TD_ICESTORM_RAM.pd, 1, o0x7f407698d398 (v0x55555f066510_0) S_0x55555f0662a0;
L_0x55555f0b58e0 .ufunc/vec4 TD_ICESTORM_RAM.pd, 1, o0x7f407698d368 (v0x55555f066510_0) S_0x55555f0662a0;
L_0x55555f0b59e0 .ufunc/vec4 TD_ICESTORM_RAM.pd, 1, o0x7f407698d338 (v0x55555f066510_0) S_0x55555f0662a0;
L_0x55555f0b5cd0 .ufunc/vec4 TD_ICESTORM_RAM.pd, 1, o0x7f407698d1e8 (v0x55555f066510_0) S_0x55555f0662a0;
L_0x55555f0b5dd0 .ufunc/vec4 TD_ICESTORM_RAM.pd, 1, o0x7f407698d1b8 (v0x55555f066510_0) S_0x55555f0662a0;
LS_0x55555f0b60d0_0_0 .concat [ 1 1 1 1], L_0x55555f0b5dd0, L_0x55555f0b5cd0, L_0x55555f0b59e0, L_0x55555f0b58e0;
LS_0x55555f0b60d0_0_4 .concat [ 1 1 1 1], L_0x55555f0b5600, L_0x55555f0b5500, L_0x55555f0b4e60, L_0x55555f0b4d60;
LS_0x55555f0b60d0_0_8 .concat [ 1 1 1 1], L_0x55555f0b5010, L_0x55555f0b4f10, L_0x55555f0b4c90, L_0x55555f0b4bf0;
LS_0x55555f0b60d0_0_12 .concat [ 1 1 1 1], L_0x55555f0b49b0, L_0x55555f0b4910, L_0x55555f0b46e0, L_0x55555f0b4640;
L_0x55555f0b60d0 .concat [ 4 4 4 4], LS_0x55555f0b60d0_0_0, LS_0x55555f0b60d0_0_4, LS_0x55555f0b60d0_0_8, LS_0x55555f0b60d0_0_12;
L_0x55555f0b66c0 .ufunc/vec4 TD_ICESTORM_RAM.pd, 1, o0x7f407698de18 (v0x55555f066510_0) S_0x55555f0662a0;
L_0x55555f0b6970 .ufunc/vec4 TD_ICESTORM_RAM.pd, 1, o0x7f407698dde8 (v0x55555f066510_0) S_0x55555f0662a0;
L_0x55555f0b6a10 .ufunc/vec4 TD_ICESTORM_RAM.pd, 1, o0x7f407698ddb8 (v0x55555f066510_0) S_0x55555f0662a0;
L_0x55555f0b6cd0 .ufunc/vec4 TD_ICESTORM_RAM.pd, 1, o0x7f407698dd88 (v0x55555f066510_0) S_0x55555f0662a0;
L_0x55555f0b6d70 .ufunc/vec4 TD_ICESTORM_RAM.pd, 1, o0x7f407698dd58 (v0x55555f066510_0) S_0x55555f0662a0;
L_0x55555f0b7040 .ufunc/vec4 TD_ICESTORM_RAM.pd, 1, o0x7f407698dd28 (v0x55555f066510_0) S_0x55555f0662a0;
L_0x55555f0b70e0 .ufunc/vec4 TD_ICESTORM_RAM.pd, 1, o0x7f407698df98 (v0x55555f066510_0) S_0x55555f0662a0;
L_0x55555f0b73c0 .ufunc/vec4 TD_ICESTORM_RAM.pd, 1, o0x7f407698df68 (v0x55555f066510_0) S_0x55555f0662a0;
L_0x55555f0b7460 .ufunc/vec4 TD_ICESTORM_RAM.pd, 1, o0x7f407698df38 (v0x55555f066510_0) S_0x55555f0662a0;
L_0x55555f0b7780 .ufunc/vec4 TD_ICESTORM_RAM.pd, 1, o0x7f407698df08 (v0x55555f066510_0) S_0x55555f0662a0;
L_0x55555f0b7880 .ufunc/vec4 TD_ICESTORM_RAM.pd, 1, o0x7f407698ded8 (v0x55555f066510_0) S_0x55555f0662a0;
L_0x55555f0b7be0 .ufunc/vec4 TD_ICESTORM_RAM.pd, 1, o0x7f407698dea8 (v0x55555f066510_0) S_0x55555f0662a0;
L_0x55555f0b7ce0 .ufunc/vec4 TD_ICESTORM_RAM.pd, 1, o0x7f407698de78 (v0x55555f066510_0) S_0x55555f0662a0;
L_0x55555f0b8050 .ufunc/vec4 TD_ICESTORM_RAM.pd, 1, o0x7f407698de48 (v0x55555f066510_0) S_0x55555f0662a0;
L_0x55555f0b8150 .ufunc/vec4 TD_ICESTORM_RAM.pd, 1, o0x7f407698dcf8 (v0x55555f066510_0) S_0x55555f0662a0;
L_0x55555f0b84d0 .ufunc/vec4 TD_ICESTORM_RAM.pd, 1, o0x7f407698dcc8 (v0x55555f066510_0) S_0x55555f0662a0;
LS_0x55555f0b85d0_0_0 .concat [ 1 1 1 1], L_0x55555f0b84d0, L_0x55555f0b8150, L_0x55555f0b8050, L_0x55555f0b7ce0;
LS_0x55555f0b85d0_0_4 .concat [ 1 1 1 1], L_0x55555f0b7be0, L_0x55555f0b7880, L_0x55555f0b7780, L_0x55555f0b7460;
LS_0x55555f0b85d0_0_8 .concat [ 1 1 1 1], L_0x55555f0b73c0, L_0x55555f0b70e0, L_0x55555f0b7040, L_0x55555f0b6d70;
LS_0x55555f0b85d0_0_12 .concat [ 1 1 1 1], L_0x55555f0b6cd0, L_0x55555f0b6a10, L_0x55555f0b6970, L_0x55555f0b66c0;
L_0x55555f0b85d0 .concat [ 4 4 4 4], LS_0x55555f0b85d0_0_0, LS_0x55555f0b85d0_0_4, LS_0x55555f0b85d0_0_8, LS_0x55555f0b85d0_0_12;
S_0x55555ee351a0 .scope module, "RAM" "SB_RAM40_4K" 2 3233, 2 1487 0, S_0x55555f05d930;
 .timescale -12 -12;
    .port_info 0 /OUTPUT 16 "RDATA";
    .port_info 1 /INPUT 1 "RCLK";
    .port_info 2 /INPUT 1 "RCLKE";
    .port_info 3 /INPUT 1 "RE";
    .port_info 4 /INPUT 11 "RADDR";
    .port_info 5 /INPUT 1 "WCLK";
    .port_info 6 /INPUT 1 "WCLKE";
    .port_info 7 /INPUT 1 "WE";
    .port_info 8 /INPUT 11 "WADDR";
    .port_info 9 /INPUT 16 "MASK";
    .port_info 10 /INPUT 16 "WDATA";
P_0x55555ee2b820 .param/l "INIT_0" 0 2 1507, C4<0000000000000000000000000000000000000000000000000000000000000000000000000000000000000000000000000000000000000000000000000000000000000000000000000000000000000000000000000000000000000000000000000000000000000000000000000000000000000000000000000000000000000000>;
P_0x55555ee2b860 .param/l "INIT_1" 0 2 1508, C4<0000000000000000000000000000000000000000000000000000000000000000000000000000000000000000000000000000000000000000000000000000000000000000000000000000000000000000000000000000000000000000000000000000000000000000000000000000000000000000000000000000000000000000>;
P_0x55555ee2b8a0 .param/l "INIT_2" 0 2 1509, C4<0000000000000000000000000000000000000000000000000000000000000000000000000000000000000000000000000000000000000000000000000000000000000000000000000000000000000000000000000000000000000000000000000000000000000000000000000000000000000000000000000000000000000000>;
P_0x55555ee2b8e0 .param/l "INIT_3" 0 2 1510, C4<0000000000000000000000000000000000000000000000000000000000000000000000000000000000000000000000000000000000000000000000000000000000000000000000000000000000000000000000000000000000000000000000000000000000000000000000000000000000000000000000000000000000000000>;
P_0x55555ee2b920 .param/l "INIT_4" 0 2 1511, C4<0000000000000000000000000000000000000000000000000000000000000000000000000000000000000000000000000000000000000000000000000000000000000000000000000000000000000000000000000000000000000000000000000000000000000000000000000000000000000000000000000000000000000000>;
P_0x55555ee2b960 .param/l "INIT_5" 0 2 1512, C4<0000000000000000000000000000000000000000000000000000000000000000000000000000000000000000000000000000000000000000000000000000000000000000000000000000000000000000000000000000000000000000000000000000000000000000000000000000000000000000000000000000000000000000>;
P_0x55555ee2b9a0 .param/l "INIT_6" 0 2 1513, C4<0000000000000000000000000000000000000000000000000000000000000000000000000000000000000000000000000000000000000000000000000000000000000000000000000000000000000000000000000000000000000000000000000000000000000000000000000000000000000000000000000000000000000000>;
P_0x55555ee2b9e0 .param/l "INIT_7" 0 2 1514, C4<0000000000000000000000000000000000000000000000000000000000000000000000000000000000000000000000000000000000000000000000000000000000000000000000000000000000000000000000000000000000000000000000000000000000000000000000000000000000000000000000000000000000000000>;
P_0x55555ee2ba20 .param/l "INIT_8" 0 2 1515, C4<0000000000000000000000000000000000000000000000000000000000000000000000000000000000000000000000000000000000000000000000000000000000000000000000000000000000000000000000000000000000000000000000000000000000000000000000000000000000000000000000000000000000000000>;
P_0x55555ee2ba60 .param/l "INIT_9" 0 2 1516, C4<0000000000000000000000000000000000000000000000000000000000000000000000000000000000000000000000000000000000000000000000000000000000000000000000000000000000000000000000000000000000000000000000000000000000000000000000000000000000000000000000000000000000000000>;
P_0x55555ee2baa0 .param/l "INIT_A" 0 2 1517, C4<0000000000000000000000000000000000000000000000000000000000000000000000000000000000000000000000000000000000000000000000000000000000000000000000000000000000000000000000000000000000000000000000000000000000000000000000000000000000000000000000000000000000000000>;
P_0x55555ee2bae0 .param/l "INIT_B" 0 2 1518, C4<0000000000000000000000000000000000000000000000000000000000000000000000000000000000000000000000000000000000000000000000000000000000000000000000000000000000000000000000000000000000000000000000000000000000000000000000000000000000000000000000000000000000000000>;
P_0x55555ee2bb20 .param/l "INIT_C" 0 2 1519, C4<0000000000000000000000000000000000000000000000000000000000000000000000000000000000000000000000000000000000000000000000000000000000000000000000000000000000000000000000000000000000000000000000000000000000000000000000000000000000000000000000000000000000000000>;
P_0x55555ee2bb60 .param/l "INIT_D" 0 2 1520, C4<0000000000000000000000000000000000000000000000000000000000000000000000000000000000000000000000000000000000000000000000000000000000000000000000000000000000000000000000000000000000000000000000000000000000000000000000000000000000000000000000000000000000000000>;
P_0x55555ee2bba0 .param/l "INIT_E" 0 2 1521, C4<0000000000000000000000000000000000000000000000000000000000000000000000000000000000000000000000000000000000000000000000000000000000000000000000000000000000000000000000000000000000000000000000000000000000000000000000000000000000000000000000000000000000000000>;
P_0x55555ee2bbe0 .param/l "INIT_F" 0 2 1522, C4<0000000000000000000000000000000000000000000000000000000000000000000000000000000000000000000000000000000000000000000000000000000000000000000000000000000000000000000000000000000000000000000000000000000000000000000000000000000000000000000000000000000000000000>;
P_0x55555ee2bc20 .param/str "INIT_FILE" 0 2 1524, "\000";
P_0x55555ee2bc60 .param/l "READ_MODE" 0 2 1505, +C4<00000000000000000000000000000000>;
P_0x55555ee2bca0 .param/l "WRITE_MODE" 0 2 1504, +C4<00000000000000000000000000000000>;
v0x55555f0651c0_0 .net "MASK", 15 0, L_0x55555f0b60d0;  1 drivers
v0x55555f065280_0 .net "RADDR", 10 0, L_0x55555f0b25a0;  1 drivers
v0x55555f065360_0 .net "RCLK", 0 0, L_0x55555f0b0bc0;  1 drivers
v0x55555f065400_0 .net "RCLKE", 0 0, L_0x55555f0b13f0;  1 drivers
v0x55555f0654c0_0 .net "RDATA", 15 0, v0x55555f0655f0_0;  1 drivers
v0x55555f0655f0_0 .var "RDATA_I", 15 0;
v0x55555f0656d0_0 .net "RE", 0 0, L_0x55555f0b1530;  1 drivers
L_0x7f40769432e8 .functor BUFT 1, C4<0000000000000000>, C4<0>, C4<0>, C4<0>;
v0x55555f065790_0 .net "RMASK_I", 15 0, L_0x7f40769432e8;  1 drivers
v0x55555f065870_0 .net "WADDR", 10 0, L_0x55555f0b4010;  1 drivers
v0x55555f065950_0 .net "WCLK", 0 0, L_0x55555f0b2c00;  1 drivers
v0x55555f065a10_0 .net "WCLKE", 0 0, L_0x55555f0b2d10;  1 drivers
v0x55555f065ad0_0 .net "WDATA", 15 0, L_0x55555f0b85d0;  1 drivers
v0x55555f065bb0_0 .net "WDATA_I", 15 0, L_0x55555f0afea0;  1 drivers
v0x55555f065c90_0 .net "WE", 0 0, L_0x55555f0b2db0;  1 drivers
v0x55555f065d50_0 .net "WMASK_I", 15 0, L_0x55555f09fe20;  1 drivers
v0x55555f065e30_0 .var/i "i", 31 0;
v0x55555f065f10 .array "memory", 255 0, 15 0;
E_0x55555f03a660 .event posedge, v0x55555f065360_0;
E_0x55555f03aab0 .event posedge, v0x55555f065950_0;
S_0x55555f064a40 .scope generate, "genblk1" "genblk1" 2 1534, 2 1534 0, S_0x55555ee351a0;
 .timescale -12 -12;
L_0x55555f09fe20 .functor BUFZ 16, L_0x55555f0b60d0, C4<0000000000000000>, C4<0000000000000000>, C4<0000000000000000>;
S_0x55555f064c20 .scope generate, "genblk2" "genblk2" 2 1555, 2 1555 0, S_0x55555ee351a0;
 .timescale -12 -12;
S_0x55555f064e00 .scope generate, "genblk3" "genblk3" 2 1576, 2 1576 0, S_0x55555ee351a0;
 .timescale -12 -12;
L_0x55555f0afea0 .functor BUFZ 16, L_0x55555f0b85d0, C4<0000000000000000>, C4<0000000000000000>, C4<0000000000000000>;
S_0x55555f064fe0 .scope generate, "genblk4" "genblk4" 2 1595, 2 1595 0, S_0x55555ee351a0;
 .timescale -12 -12;
S_0x55555f0662a0 .scope function.vec4.s1, "pd" "pd" 2 3200, 2 3200 0, S_0x55555f05d930;
 .timescale -12 -12;
; Variable pd is vec4 return value of scope S_0x55555f0662a0
v0x55555f066510_0 .var "x", 0 0;
TD_ICESTORM_RAM.pd ;
    %load/vec4 v0x55555f066510_0;
    %cmpi/e 0, 1, 1;
    %flag_mov 8, 6;
    %jmp/0 T_0.0, 8;
    %pushi/vec4 0, 0, 1;
    %jmp/1 T_0.1, 8;
T_0.0 ; End of true expr.
    %load/vec4 v0x55555f066510_0;
    %jmp/0 T_0.1, 8;
 ; End of false expr.
    %blend;
T_0.1;
    %ret/vec4 0, 0, 1;  Assign to pd (store_vec4_to_lval)
    %end;
S_0x55555f0665d0 .scope function.vec4.s1, "pu" "pu" 2 3207, 2 3207 0, S_0x55555f05d930;
 .timescale -12 -12;
; Variable pu is vec4 return value of scope S_0x55555f0665d0
v0x55555f066870_0 .var "x", 0 0;
TD_ICESTORM_RAM.pu ;
    %load/vec4 v0x55555f066870_0;
    %cmpi/e 0, 1, 1;
    %flag_mov 8, 6;
    %jmp/0 T_1.2, 8;
    %pushi/vec4 1, 0, 1;
    %jmp/1 T_1.3, 8;
T_1.2 ; End of true expr.
    %load/vec4 v0x55555f066870_0;
    %jmp/0 T_1.3, 8;
 ; End of false expr.
    %blend;
T_1.3;
    %ret/vec4 0, 0, 1;  Assign to pu (store_vec4_to_lval)
    %end;
S_0x55555f024ee0 .scope module, "SB_CARRY" "SB_CARRY" 2 228;
 .timescale -12 -12;
    .port_info 0 /OUTPUT 1 "CO";
    .port_info 1 /INPUT 1 "I0";
    .port_info 2 /INPUT 1 "I1";
    .port_info 3 /INPUT 1 "CI";
o0x7f407698f978 .functor BUFZ 1, C4<z>; HiZ drive
o0x7f407698f9a8 .functor BUFZ 1, C4<z>; HiZ drive
L_0x55555f0b8e50 .functor AND 1, o0x7f407698f978, o0x7f407698f9a8, C4<1>, C4<1>;
L_0x55555f0b8ec0 .functor OR 1, o0x7f407698f978, o0x7f407698f9a8, C4<0>, C4<0>;
o0x7f407698f918 .functor BUFZ 1, C4<z>; HiZ drive
L_0x55555f0b8fd0 .functor AND 1, L_0x55555f0b8ec0, o0x7f407698f918, C4<1>, C4<1>;
L_0x55555f0b9090 .functor OR 1, L_0x55555f0b8e50, L_0x55555f0b8fd0, C4<0>, C4<0>;
v0x55555f06ec60_0 .net "CI", 0 0, o0x7f407698f918;  0 drivers
v0x55555f06ed40_0 .net "CO", 0 0, L_0x55555f0b9090;  1 drivers
v0x55555f06ee00_0 .net "I0", 0 0, o0x7f407698f978;  0 drivers
v0x55555f06eea0_0 .net "I1", 0 0, o0x7f407698f9a8;  0 drivers
v0x55555f06ef60_0 .net *"_ivl_1", 0 0, L_0x55555f0b8e50;  1 drivers
v0x55555f06f020_0 .net *"_ivl_3", 0 0, L_0x55555f0b8ec0;  1 drivers
v0x55555f06f0e0_0 .net *"_ivl_5", 0 0, L_0x55555f0b8fd0;  1 drivers
S_0x55555f025a30 .scope module, "SB_DFF" "SB_DFF" 2 265;
 .timescale -12 -12;
    .port_info 0 /OUTPUT 1 "Q";
    .port_info 1 /INPUT 1 "C";
    .port_info 2 /INPUT 1 "D";
o0x7f407698fb28 .functor BUFZ 1, C4<z>; HiZ drive
v0x55555f06f260_0 .net "C", 0 0, o0x7f407698fb28;  0 drivers
o0x7f407698fb58 .functor BUFZ 1, C4<z>; HiZ drive
v0x55555f06f340_0 .net "D", 0 0, o0x7f407698fb58;  0 drivers
v0x55555f06f400_0 .var "Q", 0 0;
E_0x55555f03ae70 .event posedge, v0x55555f06f260_0;
S_0x55555f026dc0 .scope module, "SB_DFFE" "SB_DFFE" 2 303;
 .timescale -12 -12;
    .port_info 0 /OUTPUT 1 "Q";
    .port_info 1 /INPUT 1 "C";
    .port_info 2 /INPUT 1 "E";
    .port_info 3 /INPUT 1 "D";
o0x7f407698fc48 .functor BUFZ 1, C4<z>; HiZ drive
v0x55555f06f540_0 .net "C", 0 0, o0x7f407698fc48;  0 drivers
o0x7f407698fc78 .functor BUFZ 1, C4<z>; HiZ drive
v0x55555f06f620_0 .net "D", 0 0, o0x7f407698fc78;  0 drivers
o0x7f407698fca8 .functor BUFZ 1, C4<z>; HiZ drive
v0x55555f06f6e0_0 .net "E", 0 0, o0x7f407698fca8;  0 drivers
v0x55555f06f7b0_0 .var "Q", 0 0;
E_0x55555f04b6f0 .event posedge, v0x55555f06f540_0;
S_0x55555f0625c0 .scope module, "SB_DFFER" "SB_DFFER" 2 653;
 .timescale -12 -12;
    .port_info 0 /OUTPUT 1 "Q";
    .port_info 1 /INPUT 1 "C";
    .port_info 2 /INPUT 1 "E";
    .port_info 3 /INPUT 1 "R";
    .port_info 4 /INPUT 1 "D";
o0x7f407698fdc8 .functor BUFZ 1, C4<z>; HiZ drive
v0x55555f06f960_0 .net "C", 0 0, o0x7f407698fdc8;  0 drivers
o0x7f407698fdf8 .functor BUFZ 1, C4<z>; HiZ drive
v0x55555f06fa40_0 .net "D", 0 0, o0x7f407698fdf8;  0 drivers
o0x7f407698fe28 .functor BUFZ 1, C4<z>; HiZ drive
v0x55555f06fb00_0 .net "E", 0 0, o0x7f407698fe28;  0 drivers
v0x55555f06fba0_0 .var "Q", 0 0;
o0x7f407698fe88 .functor BUFZ 1, C4<z>; HiZ drive
v0x55555f06fc60_0 .net "R", 0 0, o0x7f407698fe88;  0 drivers
E_0x55555f04c480 .event posedge, v0x55555f06fc60_0, v0x55555f06f960_0;
S_0x55555f0618e0 .scope module, "SB_DFFES" "SB_DFFES" 2 794;
 .timescale -12 -12;
    .port_info 0 /OUTPUT 1 "Q";
    .port_info 1 /INPUT 1 "C";
    .port_info 2 /INPUT 1 "E";
    .port_info 3 /INPUT 1 "S";
    .port_info 4 /INPUT 1 "D";
o0x7f407698ffa8 .functor BUFZ 1, C4<z>; HiZ drive
v0x55555f06fe90_0 .net "C", 0 0, o0x7f407698ffa8;  0 drivers
o0x7f407698ffd8 .functor BUFZ 1, C4<z>; HiZ drive
v0x55555f06ff70_0 .net "D", 0 0, o0x7f407698ffd8;  0 drivers
o0x7f4076990008 .functor BUFZ 1, C4<z>; HiZ drive
v0x55555f070030_0 .net "E", 0 0, o0x7f4076990008;  0 drivers
v0x55555f0700d0_0 .var "Q", 0 0;
o0x7f4076990068 .functor BUFZ 1, C4<z>; HiZ drive
v0x55555f070190_0 .net "S", 0 0, o0x7f4076990068;  0 drivers
E_0x55555f06fe10 .event posedge, v0x55555f070190_0, v0x55555f06fe90_0;
S_0x55555f04ce70 .scope module, "SB_DFFESR" "SB_DFFESR" 2 592;
 .timescale -12 -12;
    .port_info 0 /OUTPUT 1 "Q";
    .port_info 1 /INPUT 1 "C";
    .port_info 2 /INPUT 1 "E";
    .port_info 3 /INPUT 1 "R";
    .port_info 4 /INPUT 1 "D";
o0x7f4076990188 .functor BUFZ 1, C4<z>; HiZ drive
v0x55555f0703c0_0 .net "C", 0 0, o0x7f4076990188;  0 drivers
o0x7f40769901b8 .functor BUFZ 1, C4<z>; HiZ drive
v0x55555f0704a0_0 .net "D", 0 0, o0x7f40769901b8;  0 drivers
o0x7f40769901e8 .functor BUFZ 1, C4<z>; HiZ drive
v0x55555f070560_0 .net "E", 0 0, o0x7f40769901e8;  0 drivers
v0x55555f070600_0 .var "Q", 0 0;
o0x7f4076990248 .functor BUFZ 1, C4<z>; HiZ drive
v0x55555f0706c0_0 .net "R", 0 0, o0x7f4076990248;  0 drivers
E_0x55555f070340 .event posedge, v0x55555f0703c0_0;
S_0x55555f04ca80 .scope module, "SB_DFFESS" "SB_DFFESS" 2 733;
 .timescale -12 -12;
    .port_info 0 /OUTPUT 1 "Q";
    .port_info 1 /INPUT 1 "C";
    .port_info 2 /INPUT 1 "E";
    .port_info 3 /INPUT 1 "S";
    .port_info 4 /INPUT 1 "D";
o0x7f4076990368 .functor BUFZ 1, C4<z>; HiZ drive
v0x55555f0708f0_0 .net "C", 0 0, o0x7f4076990368;  0 drivers
o0x7f4076990398 .functor BUFZ 1, C4<z>; HiZ drive
v0x55555f0709d0_0 .net "D", 0 0, o0x7f4076990398;  0 drivers
o0x7f40769903c8 .functor BUFZ 1, C4<z>; HiZ drive
v0x55555f070a90_0 .net "E", 0 0, o0x7f40769903c8;  0 drivers
v0x55555f070b30_0 .var "Q", 0 0;
o0x7f4076990428 .functor BUFZ 1, C4<z>; HiZ drive
v0x55555f070bf0_0 .net "S", 0 0, o0x7f4076990428;  0 drivers
E_0x55555f070870 .event posedge, v0x55555f0708f0_0;
S_0x55555f03b050 .scope module, "SB_DFFN" "SB_DFFN" 2 876;
 .timescale -12 -12;
    .port_info 0 /OUTPUT 1 "Q";
    .port_info 1 /INPUT 1 "C";
    .port_info 2 /INPUT 1 "D";
o0x7f4076990548 .functor BUFZ 1, C4<z>; HiZ drive
v0x55555f070e20_0 .net "C", 0 0, o0x7f4076990548;  0 drivers
o0x7f4076990578 .functor BUFZ 1, C4<z>; HiZ drive
v0x55555f070f00_0 .net "D", 0 0, o0x7f4076990578;  0 drivers
v0x55555f070fc0_0 .var "Q", 0 0;
E_0x55555f070da0 .event negedge, v0x55555f070e20_0;
S_0x55555f03ac60 .scope module, "SB_DFFNE" "SB_DFFNE" 2 914;
 .timescale -12 -12;
    .port_info 0 /OUTPUT 1 "Q";
    .port_info 1 /INPUT 1 "C";
    .port_info 2 /INPUT 1 "E";
    .port_info 3 /INPUT 1 "D";
o0x7f4076990668 .functor BUFZ 1, C4<z>; HiZ drive
v0x55555f071140_0 .net "C", 0 0, o0x7f4076990668;  0 drivers
o0x7f4076990698 .functor BUFZ 1, C4<z>; HiZ drive
v0x55555f071220_0 .net "D", 0 0, o0x7f4076990698;  0 drivers
o0x7f40769906c8 .functor BUFZ 1, C4<z>; HiZ drive
v0x55555f0712e0_0 .net "E", 0 0, o0x7f40769906c8;  0 drivers
v0x55555f0713b0_0 .var "Q", 0 0;
E_0x55555f0710e0 .event negedge, v0x55555f071140_0;
S_0x55555f0294f0 .scope module, "SB_DFFNER" "SB_DFFNER" 2 1264;
 .timescale -12 -12;
    .port_info 0 /OUTPUT 1 "Q";
    .port_info 1 /INPUT 1 "C";
    .port_info 2 /INPUT 1 "E";
    .port_info 3 /INPUT 1 "R";
    .port_info 4 /INPUT 1 "D";
o0x7f40769907e8 .functor BUFZ 1, C4<z>; HiZ drive
v0x55555f0715a0_0 .net "C", 0 0, o0x7f40769907e8;  0 drivers
o0x7f4076990818 .functor BUFZ 1, C4<z>; HiZ drive
v0x55555f071680_0 .net "D", 0 0, o0x7f4076990818;  0 drivers
o0x7f4076990848 .functor BUFZ 1, C4<z>; HiZ drive
v0x55555f071740_0 .net "E", 0 0, o0x7f4076990848;  0 drivers
v0x55555f0717e0_0 .var "Q", 0 0;
o0x7f40769908a8 .functor BUFZ 1, C4<z>; HiZ drive
v0x55555f0718a0_0 .net "R", 0 0, o0x7f40769908a8;  0 drivers
E_0x55555f071520/0 .event negedge, v0x55555f0715a0_0;
E_0x55555f071520/1 .event posedge, v0x55555f0718a0_0;
E_0x55555f071520 .event/or E_0x55555f071520/0, E_0x55555f071520/1;
S_0x55555f029100 .scope module, "SB_DFFNES" "SB_DFFNES" 2 1405;
 .timescale -12 -12;
    .port_info 0 /OUTPUT 1 "Q";
    .port_info 1 /INPUT 1 "C";
    .port_info 2 /INPUT 1 "E";
    .port_info 3 /INPUT 1 "S";
    .port_info 4 /INPUT 1 "D";
o0x7f40769909c8 .functor BUFZ 1, C4<z>; HiZ drive
v0x55555f071ad0_0 .net "C", 0 0, o0x7f40769909c8;  0 drivers
o0x7f40769909f8 .functor BUFZ 1, C4<z>; HiZ drive
v0x55555f071bb0_0 .net "D", 0 0, o0x7f40769909f8;  0 drivers
o0x7f4076990a28 .functor BUFZ 1, C4<z>; HiZ drive
v0x55555f071c70_0 .net "E", 0 0, o0x7f4076990a28;  0 drivers
v0x55555f071d10_0 .var "Q", 0 0;
o0x7f4076990a88 .functor BUFZ 1, C4<z>; HiZ drive
v0x55555f071dd0_0 .net "S", 0 0, o0x7f4076990a88;  0 drivers
E_0x55555f071a50/0 .event negedge, v0x55555f071ad0_0;
E_0x55555f071a50/1 .event posedge, v0x55555f071dd0_0;
E_0x55555f071a50 .event/or E_0x55555f071a50/0, E_0x55555f071a50/1;
S_0x55555f028930 .scope module, "SB_DFFNESR" "SB_DFFNESR" 2 1203;
 .timescale -12 -12;
    .port_info 0 /OUTPUT 1 "Q";
    .port_info 1 /INPUT 1 "C";
    .port_info 2 /INPUT 1 "E";
    .port_info 3 /INPUT 1 "R";
    .port_info 4 /INPUT 1 "D";
o0x7f4076990ba8 .functor BUFZ 1, C4<z>; HiZ drive
v0x55555f072000_0 .net "C", 0 0, o0x7f4076990ba8;  0 drivers
o0x7f4076990bd8 .functor BUFZ 1, C4<z>; HiZ drive
v0x55555f0720e0_0 .net "D", 0 0, o0x7f4076990bd8;  0 drivers
o0x7f4076990c08 .functor BUFZ 1, C4<z>; HiZ drive
v0x55555f0721a0_0 .net "E", 0 0, o0x7f4076990c08;  0 drivers
v0x55555f072240_0 .var "Q", 0 0;
o0x7f4076990c68 .functor BUFZ 1, C4<z>; HiZ drive
v0x55555f072300_0 .net "R", 0 0, o0x7f4076990c68;  0 drivers
E_0x55555f071f80 .event negedge, v0x55555f072000_0;
S_0x55555f023740 .scope module, "SB_DFFNESS" "SB_DFFNESS" 2 1344;
 .timescale -12 -12;
    .port_info 0 /OUTPUT 1 "Q";
    .port_info 1 /INPUT 1 "C";
    .port_info 2 /INPUT 1 "E";
    .port_info 3 /INPUT 1 "S";
    .port_info 4 /INPUT 1 "D";
o0x7f4076990d88 .functor BUFZ 1, C4<z>; HiZ drive
v0x55555f072530_0 .net "C", 0 0, o0x7f4076990d88;  0 drivers
o0x7f4076990db8 .functor BUFZ 1, C4<z>; HiZ drive
v0x55555f072610_0 .net "D", 0 0, o0x7f4076990db8;  0 drivers
o0x7f4076990de8 .functor BUFZ 1, C4<z>; HiZ drive
v0x55555f0726d0_0 .net "E", 0 0, o0x7f4076990de8;  0 drivers
v0x55555f072770_0 .var "Q", 0 0;
o0x7f4076990e48 .functor BUFZ 1, C4<z>; HiZ drive
v0x55555f072830_0 .net "S", 0 0, o0x7f4076990e48;  0 drivers
E_0x55555f0724b0 .event negedge, v0x55555f072530_0;
S_0x55555f01dd30 .scope module, "SB_DFFNR" "SB_DFFNR" 2 1011;
 .timescale -12 -12;
    .port_info 0 /OUTPUT 1 "Q";
    .port_info 1 /INPUT 1 "C";
    .port_info 2 /INPUT 1 "R";
    .port_info 3 /INPUT 1 "D";
o0x7f4076990f68 .functor BUFZ 1, C4<z>; HiZ drive
v0x55555f072a60_0 .net "C", 0 0, o0x7f4076990f68;  0 drivers
o0x7f4076990f98 .functor BUFZ 1, C4<z>; HiZ drive
v0x55555f072b40_0 .net "D", 0 0, o0x7f4076990f98;  0 drivers
v0x55555f072c00_0 .var "Q", 0 0;
o0x7f4076990ff8 .functor BUFZ 1, C4<z>; HiZ drive
v0x55555f072ca0_0 .net "R", 0 0, o0x7f4076990ff8;  0 drivers
E_0x55555f0729e0/0 .event negedge, v0x55555f072a60_0;
E_0x55555f0729e0/1 .event posedge, v0x55555f072ca0_0;
E_0x55555f0729e0 .event/or E_0x55555f0729e0/0, E_0x55555f0729e0/1;
S_0x55555f005970 .scope module, "SB_DFFNS" "SB_DFFNS" 2 1132;
 .timescale -12 -12;
    .port_info 0 /OUTPUT 1 "Q";
    .port_info 1 /INPUT 1 "C";
    .port_info 2 /INPUT 1 "S";
    .port_info 3 /INPUT 1 "D";
o0x7f40769910e8 .functor BUFZ 1, C4<z>; HiZ drive
v0x55555f072e90_0 .net "C", 0 0, o0x7f40769910e8;  0 drivers
o0x7f4076991118 .functor BUFZ 1, C4<z>; HiZ drive
v0x55555f072f70_0 .net "D", 0 0, o0x7f4076991118;  0 drivers
v0x55555f073030_0 .var "Q", 0 0;
o0x7f4076991178 .functor BUFZ 1, C4<z>; HiZ drive
v0x55555f0730d0_0 .net "S", 0 0, o0x7f4076991178;  0 drivers
E_0x55555f072e10/0 .event negedge, v0x55555f072e90_0;
E_0x55555f072e10/1 .event posedge, v0x55555f0730d0_0;
E_0x55555f072e10 .event/or E_0x55555f072e10/0, E_0x55555f072e10/1;
S_0x55555f005580 .scope module, "SB_DFFNSR" "SB_DFFNSR" 2 961;
 .timescale -12 -12;
    .port_info 0 /OUTPUT 1 "Q";
    .port_info 1 /INPUT 1 "C";
    .port_info 2 /INPUT 1 "R";
    .port_info 3 /INPUT 1 "D";
o0x7f4076991268 .functor BUFZ 1, C4<z>; HiZ drive
v0x55555f0732c0_0 .net "C", 0 0, o0x7f4076991268;  0 drivers
o0x7f4076991298 .functor BUFZ 1, C4<z>; HiZ drive
v0x55555f0733a0_0 .net "D", 0 0, o0x7f4076991298;  0 drivers
v0x55555f073460_0 .var "Q", 0 0;
o0x7f40769912f8 .functor BUFZ 1, C4<z>; HiZ drive
v0x55555f073500_0 .net "R", 0 0, o0x7f40769912f8;  0 drivers
E_0x55555f073240 .event negedge, v0x55555f0732c0_0;
S_0x55555f002680 .scope module, "SB_DFFNSS" "SB_DFFNSS" 2 1082;
 .timescale -12 -12;
    .port_info 0 /OUTPUT 1 "Q";
    .port_info 1 /INPUT 1 "C";
    .port_info 2 /INPUT 1 "S";
    .port_info 3 /INPUT 1 "D";
o0x7f40769913e8 .functor BUFZ 1, C4<z>; HiZ drive
v0x55555f0736f0_0 .net "C", 0 0, o0x7f40769913e8;  0 drivers
o0x7f4076991418 .functor BUFZ 1, C4<z>; HiZ drive
v0x55555f0737d0_0 .net "D", 0 0, o0x7f4076991418;  0 drivers
v0x55555f073890_0 .var "Q", 0 0;
o0x7f4076991478 .functor BUFZ 1, C4<z>; HiZ drive
v0x55555f073930_0 .net "S", 0 0, o0x7f4076991478;  0 drivers
E_0x55555f073670 .event negedge, v0x55555f0736f0_0;
S_0x55555f002290 .scope module, "SB_DFFR" "SB_DFFR" 2 400;
 .timescale -12 -12;
    .port_info 0 /OUTPUT 1 "Q";
    .port_info 1 /INPUT 1 "C";
    .port_info 2 /INPUT 1 "R";
    .port_info 3 /INPUT 1 "D";
o0x7f4076991568 .functor BUFZ 1, C4<z>; HiZ drive
v0x55555f073b20_0 .net "C", 0 0, o0x7f4076991568;  0 drivers
o0x7f4076991598 .functor BUFZ 1, C4<z>; HiZ drive
v0x55555f073c00_0 .net "D", 0 0, o0x7f4076991598;  0 drivers
v0x55555f073cc0_0 .var "Q", 0 0;
o0x7f40769915f8 .functor BUFZ 1, C4<z>; HiZ drive
v0x55555f073d60_0 .net "R", 0 0, o0x7f40769915f8;  0 drivers
E_0x55555f073aa0 .event posedge, v0x55555f073d60_0, v0x55555f073b20_0;
S_0x55555effc610 .scope module, "SB_DFFS" "SB_DFFS" 2 521;
 .timescale -12 -12;
    .port_info 0 /OUTPUT 1 "Q";
    .port_info 1 /INPUT 1 "C";
    .port_info 2 /INPUT 1 "S";
    .port_info 3 /INPUT 1 "D";
o0x7f40769916e8 .functor BUFZ 1, C4<z>; HiZ drive
v0x55555f073f50_0 .net "C", 0 0, o0x7f40769916e8;  0 drivers
o0x7f4076991718 .functor BUFZ 1, C4<z>; HiZ drive
v0x55555f074030_0 .net "D", 0 0, o0x7f4076991718;  0 drivers
v0x55555f0740f0_0 .var "Q", 0 0;
o0x7f4076991778 .functor BUFZ 1, C4<z>; HiZ drive
v0x55555f074190_0 .net "S", 0 0, o0x7f4076991778;  0 drivers
E_0x55555f073ed0 .event posedge, v0x55555f074190_0, v0x55555f073f50_0;
S_0x55555efff2b0 .scope module, "SB_DFFSR" "SB_DFFSR" 2 350;
 .timescale -12 -12;
    .port_info 0 /OUTPUT 1 "Q";
    .port_info 1 /INPUT 1 "C";
    .port_info 2 /INPUT 1 "R";
    .port_info 3 /INPUT 1 "D";
o0x7f4076991868 .functor BUFZ 1, C4<z>; HiZ drive
v0x55555f074380_0 .net "C", 0 0, o0x7f4076991868;  0 drivers
o0x7f4076991898 .functor BUFZ 1, C4<z>; HiZ drive
v0x55555f074460_0 .net "D", 0 0, o0x7f4076991898;  0 drivers
v0x55555f074520_0 .var "Q", 0 0;
o0x7f40769918f8 .functor BUFZ 1, C4<z>; HiZ drive
v0x55555f0745c0_0 .net "R", 0 0, o0x7f40769918f8;  0 drivers
E_0x55555f074300 .event posedge, v0x55555f074380_0;
S_0x55555effeec0 .scope module, "SB_DFFSS" "SB_DFFSS" 2 471;
 .timescale -12 -12;
    .port_info 0 /OUTPUT 1 "Q";
    .port_info 1 /INPUT 1 "C";
    .port_info 2 /INPUT 1 "S";
    .port_info 3 /INPUT 1 "D";
o0x7f40769919e8 .functor BUFZ 1, C4<z>; HiZ drive
v0x55555f0747b0_0 .net "C", 0 0, o0x7f40769919e8;  0 drivers
o0x7f4076991a18 .functor BUFZ 1, C4<z>; HiZ drive
v0x55555f074890_0 .net "D", 0 0, o0x7f4076991a18;  0 drivers
v0x55555f074950_0 .var "Q", 0 0;
o0x7f4076991a78 .functor BUFZ 1, C4<z>; HiZ drive
v0x55555f0749f0_0 .net "S", 0 0, o0x7f4076991a78;  0 drivers
E_0x55555f074730 .event posedge, v0x55555f0747b0_0;
S_0x55555efe8200 .scope module, "SB_FILTER_50NS" "SB_FILTER_50NS" 2 2856;
 .timescale -12 -12;
    .port_info 0 /INPUT 1 "FILTERIN";
    .port_info 1 /OUTPUT 1 "FILTEROUT";
o0x7f4076991b68 .functor BUFZ 1, C4<z>; HiZ drive
v0x55555f074b60_0 .net "FILTERIN", 0 0, o0x7f4076991b68;  0 drivers
o0x7f4076991b98 .functor BUFZ 1, C4<z>; HiZ drive
v0x55555f074c40_0 .net "FILTEROUT", 0 0, o0x7f4076991b98;  0 drivers
S_0x55555efe7ec0 .scope module, "SB_GB_IO" "SB_GB_IO" 2 123;
 .timescale -12 -12;
    .port_info 0 /INOUT 1 "PACKAGE_PIN";
    .port_info 1 /OUTPUT 1 "GLOBAL_BUFFER_OUTPUT";
    .port_info 2 /INPUT 1 "LATCH_INPUT_VALUE";
    .port_info 3 /INPUT 1 "CLOCK_ENABLE";
    .port_info 4 /INPUT 1 "INPUT_CLK";
    .port_info 5 /INPUT 1 "OUTPUT_CLK";
    .port_info 6 /INPUT 1 "OUTPUT_ENABLE";
    .port_info 7 /INPUT 1 "D_OUT_0";
    .port_info 8 /INPUT 1 "D_OUT_1";
    .port_info 9 /OUTPUT 1 "D_IN_0";
    .port_info 10 /OUTPUT 1 "D_IN_1";
P_0x55555efcb540 .param/str "IO_STANDARD" 0 2 139, "SB_LVCMOS";
P_0x55555efcb580 .param/l "NEG_TRIGGER" 0 2 138, C4<0>;
P_0x55555efcb5c0 .param/l "PIN_TYPE" 0 2 136, C4<000000>;
P_0x55555efcb600 .param/l "PULLUP" 0 2 137, C4<0>;
o0x7f4076991dd8 .functor BUFZ 1, C4<z>; HiZ drive
L_0x55555f0b91a0 .functor BUFZ 1, o0x7f4076991dd8, C4<0>, C4<0>, C4<0>;
o0x7f4076991c28 .functor BUFZ 1, C4<z>; HiZ drive
v0x55555f076d90_0 .net "CLOCK_ENABLE", 0 0, o0x7f4076991c28;  0 drivers
v0x55555f076e50_0 .net "D_IN_0", 0 0, L_0x55555f0b9410;  1 drivers
v0x55555f076f20_0 .net "D_IN_1", 0 0, L_0x55555f0b94d0;  1 drivers
o0x7f4076991cb8 .functor BUFZ 1, C4<z>; HiZ drive
v0x55555f077020_0 .net "D_OUT_0", 0 0, o0x7f4076991cb8;  0 drivers
o0x7f4076991ce8 .functor BUFZ 1, C4<z>; HiZ drive
v0x55555f0770f0_0 .net "D_OUT_1", 0 0, o0x7f4076991ce8;  0 drivers
v0x55555f077190_0 .net "GLOBAL_BUFFER_OUTPUT", 0 0, L_0x55555f0b91a0;  1 drivers
o0x7f4076991d18 .functor BUFZ 1, C4<z>; HiZ drive
v0x55555f077230_0 .net "INPUT_CLK", 0 0, o0x7f4076991d18;  0 drivers
o0x7f4076991d48 .functor BUFZ 1, C4<z>; HiZ drive
v0x55555f077300_0 .net "LATCH_INPUT_VALUE", 0 0, o0x7f4076991d48;  0 drivers
o0x7f4076991d78 .functor BUFZ 1, C4<z>; HiZ drive
v0x55555f0773d0_0 .net "OUTPUT_CLK", 0 0, o0x7f4076991d78;  0 drivers
o0x7f4076991da8 .functor BUFZ 1, C4<z>; HiZ drive
v0x55555f0774a0_0 .net "OUTPUT_ENABLE", 0 0, o0x7f4076991da8;  0 drivers
v0x55555f077570_0 .net "PACKAGE_PIN", 0 0, o0x7f4076991dd8;  0 drivers
S_0x55555f074d60 .scope module, "IO" "SB_IO" 2 148, 2 17 0, S_0x55555efe7ec0;
 .timescale -12 -12;
    .port_info 0 /INOUT 1 "PACKAGE_PIN";
    .port_info 1 /INPUT 1 "LATCH_INPUT_VALUE";
    .port_info 2 /INPUT 1 "CLOCK_ENABLE";
    .port_info 3 /INPUT 1 "INPUT_CLK";
    .port_info 4 /INPUT 1 "OUTPUT_CLK";
    .port_info 5 /INPUT 1 "OUTPUT_ENABLE";
    .port_info 6 /INPUT 1 "D_OUT_0";
    .port_info 7 /INPUT 1 "D_OUT_1";
    .port_info 8 /OUTPUT 1 "D_IN_0";
    .port_info 9 /OUTPUT 1 "D_IN_1";
P_0x55555f067620 .param/str "IO_STANDARD" 0 2 32, "SB_LVCMOS";
P_0x55555f067660 .param/l "NEG_TRIGGER" 0 2 31, C4<0>;
P_0x55555f0676a0 .param/l "PIN_TYPE" 0 2 29, C4<000000>;
P_0x55555f0676e0 .param/l "PULLUP" 0 2 30, C4<0>;
L_0x55555f0b9350 .functor OR 1, o0x7f4076991c28, L_0x55555f0b9260, C4<0>, C4<0>;
L_0x55555f0b9410 .functor BUFZ 1, v0x55555f076360_0, C4<0>, C4<0>, C4<0>;
L_0x55555f0b94d0 .functor BUFZ 1, v0x55555f076420_0, C4<0>, C4<0>, C4<0>;
v0x55555f0757d0_0 .net "CLOCK_ENABLE", 0 0, o0x7f4076991c28;  alias, 0 drivers
v0x55555f075890_0 .net "D_IN_0", 0 0, L_0x55555f0b9410;  alias, 1 drivers
v0x55555f075950_0 .net "D_IN_1", 0 0, L_0x55555f0b94d0;  alias, 1 drivers
v0x55555f0759f0_0 .net "D_OUT_0", 0 0, o0x7f4076991cb8;  alias, 0 drivers
v0x55555f075ab0_0 .net "D_OUT_1", 0 0, o0x7f4076991ce8;  alias, 0 drivers
v0x55555f075bc0_0 .net "INPUT_CLK", 0 0, o0x7f4076991d18;  alias, 0 drivers
v0x55555f075c80_0 .net "LATCH_INPUT_VALUE", 0 0, o0x7f4076991d48;  alias, 0 drivers
v0x55555f075d40_0 .net "OUTPUT_CLK", 0 0, o0x7f4076991d78;  alias, 0 drivers
v0x55555f075e00_0 .net "OUTPUT_ENABLE", 0 0, o0x7f4076991da8;  alias, 0 drivers
v0x55555f075ec0_0 .net "PACKAGE_PIN", 0 0, o0x7f4076991dd8;  alias, 0 drivers
o0x7f4076991e08 .functor BUFZ 1, C4<z>; HiZ drive
; Elide local net with no drivers, v0x55555f075f80_0 name=_ivl_0
v0x55555f076060_0 .net *"_ivl_2", 0 0, L_0x55555f0b9260;  1 drivers
v0x55555f076120_0 .net "clken_pulled", 0 0, L_0x55555f0b9350;  1 drivers
v0x55555f0761e0_0 .var "clken_pulled_ri", 0 0;
v0x55555f0762a0_0 .var "clken_pulled_ro", 0 0;
v0x55555f076360_0 .var "din_0", 0 0;
v0x55555f076420_0 .var "din_1", 0 0;
v0x55555f0765f0_0 .var "din_q_0", 0 0;
v0x55555f0766b0_0 .var "din_q_1", 0 0;
v0x55555f076770_0 .var "dout", 0 0;
v0x55555f076830_0 .var "dout_q_0", 0 0;
v0x55555f0768f0_0 .var "dout_q_1", 0 0;
v0x55555f0769b0_0 .var "outclk_delayed_1", 0 0;
v0x55555f076a70_0 .var "outclk_delayed_2", 0 0;
v0x55555f076b30_0 .var "outena_q", 0 0;
E_0x55555f075270 .event anyedge, v0x55555f076a70_0, v0x55555f076830_0, v0x55555f0768f0_0;
E_0x55555f0752d0 .event anyedge, v0x55555f0769b0_0;
E_0x55555f075330 .event anyedge, v0x55555f075d40_0;
E_0x55555f075390 .event anyedge, v0x55555f0765f0_0, v0x55555f0766b0_0;
L_0x55555f0b9260 .cmp/eeq 1, o0x7f4076991c28, o0x7f4076991e08;
S_0x55555f075420 .scope generate, "genblk1" "genblk1" 2 45, 2 45 0, S_0x55555f074d60;
 .timescale -12 -12;
E_0x55555f075600 .event posedge, v0x55555f075d40_0;
E_0x55555f075680 .event negedge, v0x55555f075d40_0;
E_0x55555f0756e0 .event negedge, v0x55555f075bc0_0;
E_0x55555f075740 .event posedge, v0x55555f075bc0_0;
S_0x55555efe3db0 .scope module, "SB_HFOSC" "SB_HFOSC" 2 2664;
 .timescale -12 -12;
    .port_info 0 /INPUT 1 "TRIM0";
    .port_info 1 /INPUT 1 "TRIM1";
    .port_info 2 /INPUT 1 "TRIM2";
    .port_info 3 /INPUT 1 "TRIM3";
    .port_info 4 /INPUT 1 "TRIM4";
    .port_info 5 /INPUT 1 "TRIM5";
    .port_info 6 /INPUT 1 "TRIM6";
    .port_info 7 /INPUT 1 "TRIM7";
    .port_info 8 /INPUT 1 "TRIM8";
    .port_info 9 /INPUT 1 "TRIM9";
    .port_info 10 /INPUT 1 "CLKHFPU";
    .port_info 11 /INPUT 1 "CLKHFEN";
    .port_info 12 /OUTPUT 1 "CLKHF";
P_0x55555eec6300 .param/str "CLKHF_DIV" 0 2 2680, "0b00";
P_0x55555eec6340 .param/str "TRIM_EN" 0 2 2679, "0b0";
o0x7f40769924f8 .functor BUFZ 1, C4<z>; HiZ drive
v0x55555f077660_0 .net "CLKHF", 0 0, o0x7f40769924f8;  0 drivers
o0x7f4076992528 .functor BUFZ 1, C4<z>; HiZ drive
v0x55555f077740_0 .net "CLKHFEN", 0 0, o0x7f4076992528;  0 drivers
o0x7f4076992558 .functor BUFZ 1, C4<z>; HiZ drive
v0x55555f077800_0 .net "CLKHFPU", 0 0, o0x7f4076992558;  0 drivers
o0x7f4076992588 .functor BUFZ 1, C4<z>; HiZ drive
v0x55555f0778d0_0 .net "TRIM0", 0 0, o0x7f4076992588;  0 drivers
o0x7f40769925b8 .functor BUFZ 1, C4<z>; HiZ drive
v0x55555f077990_0 .net "TRIM1", 0 0, o0x7f40769925b8;  0 drivers
o0x7f40769925e8 .functor BUFZ 1, C4<z>; HiZ drive
v0x55555f077a50_0 .net "TRIM2", 0 0, o0x7f40769925e8;  0 drivers
o0x7f4076992618 .functor BUFZ 1, C4<z>; HiZ drive
v0x55555f077b10_0 .net "TRIM3", 0 0, o0x7f4076992618;  0 drivers
o0x7f4076992648 .functor BUFZ 1, C4<z>; HiZ drive
v0x55555f077bd0_0 .net "TRIM4", 0 0, o0x7f4076992648;  0 drivers
o0x7f4076992678 .functor BUFZ 1, C4<z>; HiZ drive
v0x55555f077c90_0 .net "TRIM5", 0 0, o0x7f4076992678;  0 drivers
o0x7f40769926a8 .functor BUFZ 1, C4<z>; HiZ drive
v0x55555f077de0_0 .net "TRIM6", 0 0, o0x7f40769926a8;  0 drivers
o0x7f40769926d8 .functor BUFZ 1, C4<z>; HiZ drive
v0x55555f077ea0_0 .net "TRIM7", 0 0, o0x7f40769926d8;  0 drivers
o0x7f4076992708 .functor BUFZ 1, C4<z>; HiZ drive
v0x55555f077f60_0 .net "TRIM8", 0 0, o0x7f4076992708;  0 drivers
o0x7f4076992738 .functor BUFZ 1, C4<z>; HiZ drive
v0x55555f078020_0 .net "TRIM9", 0 0, o0x7f4076992738;  0 drivers
S_0x55555efe39f0 .scope module, "SB_I2C" "SB_I2C" 2 2733;
 .timescale -12 -12;
    .port_info 0 /INPUT 1 "SBCLKI";
    .port_info 1 /INPUT 1 "SBRWI";
    .port_info 2 /INPUT 1 "SBSTBI";
    .port_info 3 /INPUT 1 "SBADRI7";
    .port_info 4 /INPUT 1 "SBADRI6";
    .port_info 5 /INPUT 1 "SBADRI5";
    .port_info 6 /INPUT 1 "SBADRI4";
    .port_info 7 /INPUT 1 "SBADRI3";
    .port_info 8 /INPUT 1 "SBADRI2";
    .port_info 9 /INPUT 1 "SBADRI1";
    .port_info 10 /INPUT 1 "SBADRI0";
    .port_info 11 /INPUT 1 "SBDATI7";
    .port_info 12 /INPUT 1 "SBDATI6";
    .port_info 13 /INPUT 1 "SBDATI5";
    .port_info 14 /INPUT 1 "SBDATI4";
    .port_info 15 /INPUT 1 "SBDATI3";
    .port_info 16 /INPUT 1 "SBDATI2";
    .port_info 17 /INPUT 1 "SBDATI1";
    .port_info 18 /INPUT 1 "SBDATI0";
    .port_info 19 /INPUT 1 "SCLI";
    .port_info 20 /INPUT 1 "SDAI";
    .port_info 21 /OUTPUT 1 "SBDATO7";
    .port_info 22 /OUTPUT 1 "SBDATO6";
    .port_info 23 /OUTPUT 1 "SBDATO5";
    .port_info 24 /OUTPUT 1 "SBDATO4";
    .port_info 25 /OUTPUT 1 "SBDATO3";
    .port_info 26 /OUTPUT 1 "SBDATO2";
    .port_info 27 /OUTPUT 1 "SBDATO1";
    .port_info 28 /OUTPUT 1 "SBDATO0";
    .port_info 29 /OUTPUT 1 "SBACKO";
    .port_info 30 /OUTPUT 1 "I2CIRQ";
    .port_info 31 /OUTPUT 1 "I2CWKUP";
    .port_info 32 /OUTPUT 1 "SCLO";
    .port_info 33 /OUTPUT 1 "SCLOE";
    .port_info 34 /OUTPUT 1 "SDAO";
    .port_info 35 /OUTPUT 1 "SDAOE";
P_0x55555eec3720 .param/str "BUS_ADDR74" 0 2 2772, "0b0001";
P_0x55555eec3760 .param/str "I2C_SLAVE_INIT_ADDR" 0 2 2771, "0b1111100001";
o0x7f40769929d8 .functor BUFZ 1, C4<z>; HiZ drive
v0x55555f0782f0_0 .net "I2CIRQ", 0 0, o0x7f40769929d8;  0 drivers
o0x7f4076992a08 .functor BUFZ 1, C4<z>; HiZ drive
v0x55555f0783d0_0 .net "I2CWKUP", 0 0, o0x7f4076992a08;  0 drivers
o0x7f4076992a38 .functor BUFZ 1, C4<z>; HiZ drive
v0x55555f078490_0 .net "SBACKO", 0 0, o0x7f4076992a38;  0 drivers
o0x7f4076992a68 .functor BUFZ 1, C4<z>; HiZ drive
v0x55555f078530_0 .net "SBADRI0", 0 0, o0x7f4076992a68;  0 drivers
o0x7f4076992a98 .functor BUFZ 1, C4<z>; HiZ drive
v0x55555f0785f0_0 .net "SBADRI1", 0 0, o0x7f4076992a98;  0 drivers
o0x7f4076992ac8 .functor BUFZ 1, C4<z>; HiZ drive
v0x55555f0786b0_0 .net "SBADRI2", 0 0, o0x7f4076992ac8;  0 drivers
o0x7f4076992af8 .functor BUFZ 1, C4<z>; HiZ drive
v0x55555f078770_0 .net "SBADRI3", 0 0, o0x7f4076992af8;  0 drivers
o0x7f4076992b28 .functor BUFZ 1, C4<z>; HiZ drive
v0x55555f078830_0 .net "SBADRI4", 0 0, o0x7f4076992b28;  0 drivers
o0x7f4076992b58 .functor BUFZ 1, C4<z>; HiZ drive
v0x55555f0788f0_0 .net "SBADRI5", 0 0, o0x7f4076992b58;  0 drivers
o0x7f4076992b88 .functor BUFZ 1, C4<z>; HiZ drive
v0x55555f078a40_0 .net "SBADRI6", 0 0, o0x7f4076992b88;  0 drivers
o0x7f4076992bb8 .functor BUFZ 1, C4<z>; HiZ drive
v0x55555f078b00_0 .net "SBADRI7", 0 0, o0x7f4076992bb8;  0 drivers
o0x7f4076992be8 .functor BUFZ 1, C4<z>; HiZ drive
v0x55555f078bc0_0 .net "SBCLKI", 0 0, o0x7f4076992be8;  0 drivers
o0x7f4076992c18 .functor BUFZ 1, C4<z>; HiZ drive
v0x55555f078c80_0 .net "SBDATI0", 0 0, o0x7f4076992c18;  0 drivers
o0x7f4076992c48 .functor BUFZ 1, C4<z>; HiZ drive
v0x55555f078d40_0 .net "SBDATI1", 0 0, o0x7f4076992c48;  0 drivers
o0x7f4076992c78 .functor BUFZ 1, C4<z>; HiZ drive
v0x55555f078e00_0 .net "SBDATI2", 0 0, o0x7f4076992c78;  0 drivers
o0x7f4076992ca8 .functor BUFZ 1, C4<z>; HiZ drive
v0x55555f078ec0_0 .net "SBDATI3", 0 0, o0x7f4076992ca8;  0 drivers
o0x7f4076992cd8 .functor BUFZ 1, C4<z>; HiZ drive
v0x55555f078f80_0 .net "SBDATI4", 0 0, o0x7f4076992cd8;  0 drivers
o0x7f4076992d08 .functor BUFZ 1, C4<z>; HiZ drive
v0x55555f079150_0 .net "SBDATI5", 0 0, o0x7f4076992d08;  0 drivers
o0x7f4076992d38 .functor BUFZ 1, C4<z>; HiZ drive
v0x55555f079210_0 .net "SBDATI6", 0 0, o0x7f4076992d38;  0 drivers
o0x7f4076992d68 .functor BUFZ 1, C4<z>; HiZ drive
v0x55555f0792d0_0 .net "SBDATI7", 0 0, o0x7f4076992d68;  0 drivers
o0x7f4076992d98 .functor BUFZ 1, C4<z>; HiZ drive
v0x55555f079390_0 .net "SBDATO0", 0 0, o0x7f4076992d98;  0 drivers
o0x7f4076992dc8 .functor BUFZ 1, C4<z>; HiZ drive
v0x55555f079450_0 .net "SBDATO1", 0 0, o0x7f4076992dc8;  0 drivers
o0x7f4076992df8 .functor BUFZ 1, C4<z>; HiZ drive
v0x55555f079510_0 .net "SBDATO2", 0 0, o0x7f4076992df8;  0 drivers
o0x7f4076992e28 .functor BUFZ 1, C4<z>; HiZ drive
v0x55555f0795d0_0 .net "SBDATO3", 0 0, o0x7f4076992e28;  0 drivers
o0x7f4076992e58 .functor BUFZ 1, C4<z>; HiZ drive
v0x55555f079690_0 .net "SBDATO4", 0 0, o0x7f4076992e58;  0 drivers
o0x7f4076992e88 .functor BUFZ 1, C4<z>; HiZ drive
v0x55555f079750_0 .net "SBDATO5", 0 0, o0x7f4076992e88;  0 drivers
o0x7f4076992eb8 .functor BUFZ 1, C4<z>; HiZ drive
v0x55555f079810_0 .net "SBDATO6", 0 0, o0x7f4076992eb8;  0 drivers
o0x7f4076992ee8 .functor BUFZ 1, C4<z>; HiZ drive
v0x55555f0798d0_0 .net "SBDATO7", 0 0, o0x7f4076992ee8;  0 drivers
o0x7f4076992f18 .functor BUFZ 1, C4<z>; HiZ drive
v0x55555f079990_0 .net "SBRWI", 0 0, o0x7f4076992f18;  0 drivers
o0x7f4076992f48 .functor BUFZ 1, C4<z>; HiZ drive
v0x55555f079a50_0 .net "SBSTBI", 0 0, o0x7f4076992f48;  0 drivers
o0x7f4076992f78 .functor BUFZ 1, C4<z>; HiZ drive
v0x55555f079b10_0 .net "SCLI", 0 0, o0x7f4076992f78;  0 drivers
o0x7f4076992fa8 .functor BUFZ 1, C4<z>; HiZ drive
v0x55555f079bd0_0 .net "SCLO", 0 0, o0x7f4076992fa8;  0 drivers
o0x7f4076992fd8 .functor BUFZ 1, C4<z>; HiZ drive
v0x55555f079c90_0 .net "SCLOE", 0 0, o0x7f4076992fd8;  0 drivers
o0x7f4076993008 .functor BUFZ 1, C4<z>; HiZ drive
v0x55555f079d50_0 .net "SDAI", 0 0, o0x7f4076993008;  0 drivers
o0x7f4076993038 .functor BUFZ 1, C4<z>; HiZ drive
v0x55555f079e10_0 .net "SDAO", 0 0, o0x7f4076993038;  0 drivers
o0x7f4076993068 .functor BUFZ 1, C4<z>; HiZ drive
v0x55555f079ed0_0 .net "SDAOE", 0 0, o0x7f4076993068;  0 drivers
S_0x55555efd0e50 .scope module, "SB_IO_I3C" "SB_IO_I3C" 2 2862;
 .timescale -12 -12;
    .port_info 0 /INOUT 1 "PACKAGE_PIN";
    .port_info 1 /INPUT 1 "LATCH_INPUT_VALUE";
    .port_info 2 /INPUT 1 "CLOCK_ENABLE";
    .port_info 3 /INPUT 1 "INPUT_CLK";
    .port_info 4 /INPUT 1 "OUTPUT_CLK";
    .port_info 5 /INPUT 1 "OUTPUT_ENABLE";
    .port_info 6 /INPUT 1 "D_OUT_0";
    .port_info 7 /INPUT 1 "D_OUT_1";
    .port_info 8 /OUTPUT 1 "D_IN_0";
    .port_info 9 /OUTPUT 1 "D_IN_1";
    .port_info 10 /INPUT 1 "PU_ENB";
    .port_info 11 /INPUT 1 "WEAK_PU_ENB";
P_0x55555f04c2d0 .param/str "IO_STANDARD" 0 2 2880, "SB_LVCMOS";
P_0x55555f04c310 .param/l "NEG_TRIGGER" 0 2 2879, C4<0>;
P_0x55555f04c350 .param/l "PIN_TYPE" 0 2 2876, C4<000000>;
P_0x55555f04c390 .param/l "PULLUP" 0 2 2877, C4<0>;
P_0x55555f04c3d0 .param/l "WEAK_PULLUP" 0 2 2878, C4<0>;
L_0x55555f0b9590 .functor BUFZ 1, v0x55555f07b270_0, C4<0>, C4<0>, C4<0>;
L_0x55555f0b9600 .functor BUFZ 1, v0x55555f07b330_0, C4<0>, C4<0>, C4<0>;
o0x7f4076993758 .functor BUFZ 1, C4<z>; HiZ drive
v0x55555f07a940_0 .net "CLOCK_ENABLE", 0 0, o0x7f4076993758;  0 drivers
v0x55555f07aa00_0 .net "D_IN_0", 0 0, L_0x55555f0b9590;  1 drivers
v0x55555f07aac0_0 .net "D_IN_1", 0 0, L_0x55555f0b9600;  1 drivers
o0x7f40769937e8 .functor BUFZ 1, C4<z>; HiZ drive
v0x55555f07ab60_0 .net "D_OUT_0", 0 0, o0x7f40769937e8;  0 drivers
o0x7f4076993818 .functor BUFZ 1, C4<z>; HiZ drive
v0x55555f07ac20_0 .net "D_OUT_1", 0 0, o0x7f4076993818;  0 drivers
o0x7f4076993848 .functor BUFZ 1, C4<z>; HiZ drive
v0x55555f07ad30_0 .net "INPUT_CLK", 0 0, o0x7f4076993848;  0 drivers
o0x7f4076993878 .functor BUFZ 1, C4<z>; HiZ drive
v0x55555f07adf0_0 .net "LATCH_INPUT_VALUE", 0 0, o0x7f4076993878;  0 drivers
o0x7f40769938a8 .functor BUFZ 1, C4<z>; HiZ drive
v0x55555f07aeb0_0 .net "OUTPUT_CLK", 0 0, o0x7f40769938a8;  0 drivers
o0x7f40769938d8 .functor BUFZ 1, C4<z>; HiZ drive
v0x55555f07af70_0 .net "OUTPUT_ENABLE", 0 0, o0x7f40769938d8;  0 drivers
o0x7f4076993908 .functor BUFZ 1, C4<z>; HiZ drive
v0x55555f07b030_0 .net "PACKAGE_PIN", 0 0, o0x7f4076993908;  0 drivers
o0x7f4076993938 .functor BUFZ 1, C4<z>; HiZ drive
v0x55555f07b0f0_0 .net "PU_ENB", 0 0, o0x7f4076993938;  0 drivers
o0x7f4076993968 .functor BUFZ 1, C4<z>; HiZ drive
v0x55555f07b1b0_0 .net "WEAK_PU_ENB", 0 0, o0x7f4076993968;  0 drivers
v0x55555f07b270_0 .var "din_0", 0 0;
v0x55555f07b330_0 .var "din_1", 0 0;
v0x55555f07b3f0_0 .var "din_q_0", 0 0;
v0x55555f07b4b0_0 .var "din_q_1", 0 0;
v0x55555f07b570_0 .var "dout", 0 0;
v0x55555f07b630_0 .var "dout_q_0", 0 0;
v0x55555f07b6f0_0 .var "dout_q_1", 0 0;
v0x55555f07b7b0_0 .var "outclk_delayed_1", 0 0;
v0x55555f07b870_0 .var "outclk_delayed_2", 0 0;
v0x55555f07b930_0 .var "outena_q", 0 0;
E_0x55555f07a410 .event anyedge, v0x55555f07b870_0, v0x55555f07b630_0, v0x55555f07b6f0_0;
E_0x55555f07a490 .event anyedge, v0x55555f07b7b0_0;
E_0x55555f07a4f0 .event anyedge, v0x55555f07aeb0_0;
E_0x55555f07a550 .event anyedge, v0x55555f07b3f0_0, v0x55555f07b4b0_0;
S_0x55555f07a5e0 .scope generate, "genblk1" "genblk1" 2 2888, 2 2888 0, S_0x55555efd0e50;
 .timescale -12 -12;
E_0x55555f07a770 .event posedge, v0x55555f07aeb0_0;
E_0x55555f07a7f0 .event negedge, v0x55555f07aeb0_0;
E_0x55555f07a850 .event negedge, v0x55555f07ad30_0;
E_0x55555f07a8b0 .event posedge, v0x55555f07ad30_0;
S_0x55555efd0290 .scope module, "SB_IO_OD" "SB_IO_OD" 2 2931;
 .timescale -12 -12;
    .port_info 0 /INOUT 1 "PACKAGEPIN";
    .port_info 1 /INPUT 1 "LATCHINPUTVALUE";
    .port_info 2 /INPUT 1 "CLOCKENABLE";
    .port_info 3 /INPUT 1 "INPUTCLK";
    .port_info 4 /INPUT 1 "OUTPUTCLK";
    .port_info 5 /INPUT 1 "OUTPUTENABLE";
    .port_info 6 /INPUT 1 "DOUT1";
    .port_info 7 /INPUT 1 "DOUT0";
    .port_info 8 /OUTPUT 1 "DIN1";
    .port_info 9 /OUTPUT 1 "DIN0";
P_0x55555eec3870 .param/l "NEG_TRIGGER" 0 2 2944, C4<0>;
P_0x55555eec38b0 .param/l "PIN_TYPE" 0 2 2943, C4<000000>;
L_0x55555f0b9670 .functor BUFZ 1, v0x55555f07c850_0, C4<0>, C4<0>, C4<0>;
L_0x55555f0b96e0 .functor BUFZ 1, v0x55555f07c910_0, C4<0>, C4<0>, C4<0>;
o0x7f4076993db8 .functor BUFZ 1, C4<z>; HiZ drive
v0x55555f07c0a0_0 .net "CLOCKENABLE", 0 0, o0x7f4076993db8;  0 drivers
v0x55555f07c160_0 .net "DIN0", 0 0, L_0x55555f0b9670;  1 drivers
v0x55555f07c220_0 .net "DIN1", 0 0, L_0x55555f0b96e0;  1 drivers
o0x7f4076993e48 .functor BUFZ 1, C4<z>; HiZ drive
v0x55555f07c2c0_0 .net "DOUT0", 0 0, o0x7f4076993e48;  0 drivers
o0x7f4076993e78 .functor BUFZ 1, C4<z>; HiZ drive
v0x55555f07c380_0 .net "DOUT1", 0 0, o0x7f4076993e78;  0 drivers
o0x7f4076993ea8 .functor BUFZ 1, C4<z>; HiZ drive
v0x55555f07c490_0 .net "INPUTCLK", 0 0, o0x7f4076993ea8;  0 drivers
o0x7f4076993ed8 .functor BUFZ 1, C4<z>; HiZ drive
v0x55555f07c550_0 .net "LATCHINPUTVALUE", 0 0, o0x7f4076993ed8;  0 drivers
o0x7f4076993f08 .functor BUFZ 1, C4<z>; HiZ drive
v0x55555f07c610_0 .net "OUTPUTCLK", 0 0, o0x7f4076993f08;  0 drivers
o0x7f4076993f38 .functor BUFZ 1, C4<z>; HiZ drive
v0x55555f07c6d0_0 .net "OUTPUTENABLE", 0 0, o0x7f4076993f38;  0 drivers
o0x7f4076993f68 .functor BUFZ 1, C4<z>; HiZ drive
v0x55555f07c790_0 .net "PACKAGEPIN", 0 0, o0x7f4076993f68;  0 drivers
v0x55555f07c850_0 .var "din_0", 0 0;
v0x55555f07c910_0 .var "din_1", 0 0;
v0x55555f07c9d0_0 .var "din_q_0", 0 0;
v0x55555f07ca90_0 .var "din_q_1", 0 0;
v0x55555f07cb50_0 .var "dout", 0 0;
v0x55555f07cc10_0 .var "dout_q_0", 0 0;
v0x55555f07ccd0_0 .var "dout_q_1", 0 0;
v0x55555f07cea0_0 .var "outclk_delayed_1", 0 0;
v0x55555f07cf60_0 .var "outclk_delayed_2", 0 0;
v0x55555f07d020_0 .var "outena_q", 0 0;
E_0x55555f07bb70 .event anyedge, v0x55555f07cf60_0, v0x55555f07cc10_0, v0x55555f07ccd0_0;
E_0x55555f07bbf0 .event anyedge, v0x55555f07cea0_0;
E_0x55555f07bc50 .event anyedge, v0x55555f07c610_0;
E_0x55555f07bcb0 .event anyedge, v0x55555f07c9d0_0, v0x55555f07ca90_0;
S_0x55555f07bd40 .scope generate, "genblk1" "genblk1" 2 2952, 2 2952 0, S_0x55555efd0290;
 .timescale -12 -12;
E_0x55555f07bed0 .event posedge, v0x55555f07c610_0;
E_0x55555f07bf50 .event negedge, v0x55555f07c610_0;
E_0x55555f07bfb0 .event negedge, v0x55555f07c490_0;
E_0x55555f07c010 .event posedge, v0x55555f07c490_0;
S_0x55555efcdf90 .scope module, "SB_LEDDA_IP" "SB_LEDDA_IP" 2 2830;
 .timescale -12 -12;
    .port_info 0 /INPUT 1 "LEDDCS";
    .port_info 1 /INPUT 1 "LEDDCLK";
    .port_info 2 /INPUT 1 "LEDDDAT7";
    .port_info 3 /INPUT 1 "LEDDDAT6";
    .port_info 4 /INPUT 1 "LEDDDAT5";
    .port_info 5 /INPUT 1 "LEDDDAT4";
    .port_info 6 /INPUT 1 "LEDDDAT3";
    .port_info 7 /INPUT 1 "LEDDDAT2";
    .port_info 8 /INPUT 1 "LEDDDAT1";
    .port_info 9 /INPUT 1 "LEDDDAT0";
    .port_info 10 /INPUT 1 "LEDDADDR3";
    .port_info 11 /INPUT 1 "LEDDADDR2";
    .port_info 12 /INPUT 1 "LEDDADDR1";
    .port_info 13 /INPUT 1 "LEDDADDR0";
    .port_info 14 /INPUT 1 "LEDDDEN";
    .port_info 15 /INPUT 1 "LEDDEXE";
    .port_info 16 /INPUT 1 "LEDDRST";
    .port_info 17 /OUTPUT 1 "PWMOUT0";
    .port_info 18 /OUTPUT 1 "PWMOUT1";
    .port_info 19 /OUTPUT 1 "PWMOUT2";
    .port_info 20 /OUTPUT 1 "LEDDON";
o0x7f4076994358 .functor BUFZ 1, C4<z>; HiZ drive
v0x55555f07d220_0 .net "LEDDADDR0", 0 0, o0x7f4076994358;  0 drivers
o0x7f4076994388 .functor BUFZ 1, C4<z>; HiZ drive
v0x55555f07d300_0 .net "LEDDADDR1", 0 0, o0x7f4076994388;  0 drivers
o0x7f40769943b8 .functor BUFZ 1, C4<z>; HiZ drive
v0x55555f07d3c0_0 .net "LEDDADDR2", 0 0, o0x7f40769943b8;  0 drivers
o0x7f40769943e8 .functor BUFZ 1, C4<z>; HiZ drive
v0x55555f07d460_0 .net "LEDDADDR3", 0 0, o0x7f40769943e8;  0 drivers
o0x7f4076994418 .functor BUFZ 1, C4<z>; HiZ drive
v0x55555f07d520_0 .net "LEDDCLK", 0 0, o0x7f4076994418;  0 drivers
o0x7f4076994448 .functor BUFZ 1, C4<z>; HiZ drive
v0x55555f07d5e0_0 .net "LEDDCS", 0 0, o0x7f4076994448;  0 drivers
o0x7f4076994478 .functor BUFZ 1, C4<z>; HiZ drive
v0x55555f07d6a0_0 .net "LEDDDAT0", 0 0, o0x7f4076994478;  0 drivers
o0x7f40769944a8 .functor BUFZ 1, C4<z>; HiZ drive
v0x55555f07d760_0 .net "LEDDDAT1", 0 0, o0x7f40769944a8;  0 drivers
o0x7f40769944d8 .functor BUFZ 1, C4<z>; HiZ drive
v0x55555f07d820_0 .net "LEDDDAT2", 0 0, o0x7f40769944d8;  0 drivers
o0x7f4076994508 .functor BUFZ 1, C4<z>; HiZ drive
v0x55555f07d8e0_0 .net "LEDDDAT3", 0 0, o0x7f4076994508;  0 drivers
o0x7f4076994538 .functor BUFZ 1, C4<z>; HiZ drive
v0x55555f07d9a0_0 .net "LEDDDAT4", 0 0, o0x7f4076994538;  0 drivers
o0x7f4076994568 .functor BUFZ 1, C4<z>; HiZ drive
v0x55555f07da60_0 .net "LEDDDAT5", 0 0, o0x7f4076994568;  0 drivers
o0x7f4076994598 .functor BUFZ 1, C4<z>; HiZ drive
v0x55555f07db20_0 .net "LEDDDAT6", 0 0, o0x7f4076994598;  0 drivers
o0x7f40769945c8 .functor BUFZ 1, C4<z>; HiZ drive
v0x55555f07dbe0_0 .net "LEDDDAT7", 0 0, o0x7f40769945c8;  0 drivers
o0x7f40769945f8 .functor BUFZ 1, C4<z>; HiZ drive
v0x55555f07dca0_0 .net "LEDDDEN", 0 0, o0x7f40769945f8;  0 drivers
o0x7f4076994628 .functor BUFZ 1, C4<z>; HiZ drive
v0x55555f07dd60_0 .net "LEDDEXE", 0 0, o0x7f4076994628;  0 drivers
o0x7f4076994658 .functor BUFZ 1, C4<z>; HiZ drive
v0x55555f07de20_0 .net "LEDDON", 0 0, o0x7f4076994658;  0 drivers
o0x7f4076994688 .functor BUFZ 1, C4<z>; HiZ drive
v0x55555f07dff0_0 .net "LEDDRST", 0 0, o0x7f4076994688;  0 drivers
o0x7f40769946b8 .functor BUFZ 1, C4<z>; HiZ drive
v0x55555f07e0b0_0 .net "PWMOUT0", 0 0, o0x7f40769946b8;  0 drivers
o0x7f40769946e8 .functor BUFZ 1, C4<z>; HiZ drive
v0x55555f07e170_0 .net "PWMOUT1", 0 0, o0x7f40769946e8;  0 drivers
o0x7f4076994718 .functor BUFZ 1, C4<z>; HiZ drive
v0x55555f07e230_0 .net "PWMOUT2", 0 0, o0x7f4076994718;  0 drivers
S_0x55555f05e090 .scope module, "SB_LED_DRV_CUR" "SB_LED_DRV_CUR" 2 2709;
 .timescale -12 -12;
    .port_info 0 /INPUT 1 "EN";
    .port_info 1 /OUTPUT 1 "LEDPU";
o0x7f4076994b38 .functor BUFZ 1, C4<z>; HiZ drive
v0x55555f07e640_0 .net "EN", 0 0, o0x7f4076994b38;  0 drivers
o0x7f4076994b68 .functor BUFZ 1, C4<z>; HiZ drive
v0x55555f07e720_0 .net "LEDPU", 0 0, o0x7f4076994b68;  0 drivers
S_0x55555f0231b0 .scope module, "SB_LFOSC" "SB_LFOSC" 2 2684;
 .timescale -12 -12;
    .port_info 0 /INPUT 1 "CLKLFPU";
    .port_info 1 /INPUT 1 "CLKLFEN";
    .port_info 2 /OUTPUT 1 "CLKLF";
o0x7f4076994bf8 .functor BUFZ 1, C4<z>; HiZ drive
v0x55555f07e840_0 .net "CLKLF", 0 0, o0x7f4076994bf8;  0 drivers
o0x7f4076994c28 .functor BUFZ 1, C4<z>; HiZ drive
v0x55555f07e900_0 .net "CLKLFEN", 0 0, o0x7f4076994c28;  0 drivers
o0x7f4076994c58 .functor BUFZ 1, C4<z>; HiZ drive
v0x55555f07e9c0_0 .net "CLKLFPU", 0 0, o0x7f4076994c58;  0 drivers
S_0x55555f01eac0 .scope module, "SB_LUT4" "SB_LUT4" 2 177;
 .timescale -12 -12;
    .port_info 0 /OUTPUT 1 "O";
    .port_info 1 /INPUT 1 "I0";
    .port_info 2 /INPUT 1 "I1";
    .port_info 3 /INPUT 1 "I2";
    .port_info 4 /INPUT 1 "I3";
P_0x55555efc88f0 .param/l "LUT_INIT" 0 2 184, C4<0000000000000000>;
o0x7f4076994d18 .functor BUFZ 1, C4<z>; HiZ drive
v0x55555f07eae0_0 .net "I0", 0 0, o0x7f4076994d18;  0 drivers
o0x7f4076994d48 .functor BUFZ 1, C4<z>; HiZ drive
v0x55555f07eba0_0 .net "I1", 0 0, o0x7f4076994d48;  0 drivers
o0x7f4076994d78 .functor BUFZ 1, C4<z>; HiZ drive
v0x55555f07ec60_0 .net "I2", 0 0, o0x7f4076994d78;  0 drivers
o0x7f4076994da8 .functor BUFZ 1, C4<z>; HiZ drive
v0x55555f07ed30_0 .net "I3", 0 0, o0x7f4076994da8;  0 drivers
v0x55555f07edf0_0 .net "O", 0 0, L_0x55555f0ba0b0;  1 drivers
L_0x7f40769433c0 .functor BUFT 1, C4<00000000>, C4<0>, C4<0>, C4<0>;
v0x55555f07eeb0_0 .net/2u *"_ivl_0", 7 0, L_0x7f40769433c0;  1 drivers
v0x55555f07ef90_0 .net *"_ivl_13", 1 0, L_0x55555f0b9bc0;  1 drivers
v0x55555f07f070_0 .net *"_ivl_15", 1 0, L_0x55555f0b9cb0;  1 drivers
v0x55555f07f150_0 .net *"_ivl_19", 0 0, L_0x55555f0b9ed0;  1 drivers
L_0x7f4076943408 .functor BUFT 1, C4<00000000>, C4<0>, C4<0>, C4<0>;
v0x55555f07f230_0 .net/2u *"_ivl_2", 7 0, L_0x7f4076943408;  1 drivers
v0x55555f07f310_0 .net *"_ivl_21", 0 0, L_0x55555f0ba010;  1 drivers
v0x55555f07f3f0_0 .net *"_ivl_7", 3 0, L_0x55555f0b9890;  1 drivers
v0x55555f07f4d0_0 .net *"_ivl_9", 3 0, L_0x55555f0b9980;  1 drivers
v0x55555f07f5b0_0 .net "s1", 1 0, L_0x55555f0b9d90;  1 drivers
v0x55555f07f690_0 .net "s2", 3 0, L_0x55555f0b9a20;  1 drivers
v0x55555f07f770_0 .net "s3", 7 0, L_0x55555f0b9750;  1 drivers
L_0x55555f0b9750 .functor MUXZ 8, L_0x7f4076943408, L_0x7f40769433c0, o0x7f4076994da8, C4<>;
L_0x55555f0b9890 .part L_0x55555f0b9750, 4, 4;
L_0x55555f0b9980 .part L_0x55555f0b9750, 0, 4;
L_0x55555f0b9a20 .functor MUXZ 4, L_0x55555f0b9980, L_0x55555f0b9890, o0x7f4076994d78, C4<>;
L_0x55555f0b9bc0 .part L_0x55555f0b9a20, 2, 2;
L_0x55555f0b9cb0 .part L_0x55555f0b9a20, 0, 2;
L_0x55555f0b9d90 .functor MUXZ 2, L_0x55555f0b9cb0, L_0x55555f0b9bc0, o0x7f4076994d48, C4<>;
L_0x55555f0b9ed0 .part L_0x55555f0b9d90, 1, 1;
L_0x55555f0ba010 .part L_0x55555f0b9d90, 0, 1;
L_0x55555f0ba0b0 .functor MUXZ 1, L_0x55555f0ba010, L_0x55555f0b9ed0, o0x7f4076994d18, C4<>;
S_0x55555f00c930 .scope module, "SB_MAC16" "SB_MAC16" 2 2996;
 .timescale -12 -12;
    .port_info 0 /INPUT 1 "CLK";
    .port_info 1 /INPUT 1 "CE";
    .port_info 2 /INPUT 16 "C";
    .port_info 3 /INPUT 16 "A";
    .port_info 4 /INPUT 16 "B";
    .port_info 5 /INPUT 16 "D";
    .port_info 6 /INPUT 1 "AHOLD";
    .port_info 7 /INPUT 1 "BHOLD";
    .port_info 8 /INPUT 1 "CHOLD";
    .port_info 9 /INPUT 1 "DHOLD";
    .port_info 10 /INPUT 1 "IRSTTOP";
    .port_info 11 /INPUT 1 "IRSTBOT";
    .port_info 12 /INPUT 1 "ORSTTOP";
    .port_info 13 /INPUT 1 "ORSTBOT";
    .port_info 14 /INPUT 1 "OLOADTOP";
    .port_info 15 /INPUT 1 "OLOADBOT";
    .port_info 16 /INPUT 1 "ADDSUBTOP";
    .port_info 17 /INPUT 1 "ADDSUBBOT";
    .port_info 18 /INPUT 1 "OHOLDTOP";
    .port_info 19 /INPUT 1 "OHOLDBOT";
    .port_info 20 /INPUT 1 "CI";
    .port_info 21 /INPUT 1 "ACCUMCI";
    .port_info 22 /INPUT 1 "SIGNEXTIN";
    .port_info 23 /OUTPUT 32 "O";
    .port_info 24 /OUTPUT 1 "CO";
    .port_info 25 /OUTPUT 1 "ACCUMCO";
    .port_info 26 /OUTPUT 1 "SIGNEXTOUT";
P_0x55555eed7260 .param/l "A_REG" 0 2 3011, C4<0>;
P_0x55555eed72a0 .param/l "A_SIGNED" 0 2 3027, C4<0>;
P_0x55555eed72e0 .param/l "BOTADDSUB_CARRYSELECT" 0 2 3025, C4<00>;
P_0x55555eed7320 .param/l "BOTADDSUB_LOWERINPUT" 0 2 3023, C4<00>;
P_0x55555eed7360 .param/l "BOTADDSUB_UPPERINPUT" 0 2 3024, C4<0>;
P_0x55555eed73a0 .param/l "BOTOUTPUT_SELECT" 0 2 3022, C4<00>;
P_0x55555eed73e0 .param/l "BOT_8x8_MULT_REG" 0 2 3015, C4<0>;
P_0x55555eed7420 .param/l "B_REG" 0 2 3012, C4<0>;
P_0x55555eed7460 .param/l "B_SIGNED" 0 2 3028, C4<0>;
P_0x55555eed74a0 .param/l "C_REG" 0 2 3010, C4<0>;
P_0x55555eed74e0 .param/l "D_REG" 0 2 3013, C4<0>;
P_0x55555eed7520 .param/l "MODE_8x8" 0 2 3026, C4<0>;
P_0x55555eed7560 .param/l "NEG_TRIGGER" 0 2 3009, C4<0>;
P_0x55555eed75a0 .param/l "PIPELINE_16x16_MULT_REG1" 0 2 3016, C4<0>;
P_0x55555eed75e0 .param/l "PIPELINE_16x16_MULT_REG2" 0 2 3017, C4<0>;
P_0x55555eed7620 .param/l "TOPADDSUB_CARRYSELECT" 0 2 3021, C4<00>;
P_0x55555eed7660 .param/l "TOPADDSUB_LOWERINPUT" 0 2 3019, C4<00>;
P_0x55555eed76a0 .param/l "TOPADDSUB_UPPERINPUT" 0 2 3020, C4<0>;
P_0x55555eed76e0 .param/l "TOPOUTPUT_SELECT" 0 2 3018, C4<00>;
P_0x55555eed7720 .param/l "TOP_8x8_MULT_REG" 0 2 3014, C4<0>;
o0x7f4076995408 .functor BUFZ 1, C4<z>; HiZ drive
L_0x7f4076943450 .functor BUFT 1, C4<0>, C4<0>, C4<0>, C4<0>;
L_0x55555f0ba230 .functor XOR 1, o0x7f4076995408, L_0x7f4076943450, C4<0>, C4<0>;
o0x7f4076995348 .functor BUFZ 16, C4<zzzzzzzzzzzzzzzz>; HiZ drive
L_0x55555f0ba320 .functor BUFZ 16, o0x7f4076995348, C4<0000000000000000>, C4<0000000000000000>, C4<0000000000000000>;
o0x7f4076995108 .functor BUFZ 16, C4<zzzzzzzzzzzzzzzz>; HiZ drive
L_0x55555f0ba3c0 .functor BUFZ 16, o0x7f4076995108, C4<0000000000000000>, C4<0000000000000000>, C4<0000000000000000>;
o0x7f4076995288 .functor BUFZ 16, C4<zzzzzzzzzzzzzzzz>; HiZ drive
L_0x55555f0ba490 .functor BUFZ 16, o0x7f4076995288, C4<0000000000000000>, C4<0000000000000000>, C4<0000000000000000>;
o0x7f4076995468 .functor BUFZ 16, C4<zzzzzzzzzzzzzzzz>; HiZ drive
L_0x55555f0ba590 .functor BUFZ 16, o0x7f4076995468, C4<0000000000000000>, C4<0000000000000000>, C4<0000000000000000>;
L_0x55555f0bb440 .functor BUFZ 16, L_0x55555f0bafd0, C4<0000000000000000>, C4<0000000000000000>, C4<0000000000000000>;
L_0x55555f0bba10 .functor BUFZ 16, L_0x55555f0bb350, C4<0000000000000000>, C4<0000000000000000>, C4<0000000000000000>;
L_0x55555f0bbad0 .functor BUFZ 16, L_0x55555f0bb760, C4<0000000000000000>, C4<0000000000000000>, C4<0000000000000000>;
L_0x55555f0bbbe0 .functor BUFZ 16, L_0x55555f0bb850, C4<0000000000000000>, C4<0000000000000000>, C4<0000000000000000>;
L_0x55555f0bc5e0 .functor BUFZ 32, L_0x55555f0bd2b0, C4<00000000000000000000000000000000>, C4<00000000000000000000000000000000>, C4<00000000000000000000000000000000>;
L_0x55555f0bd4a0 .functor BUFZ 16, v0x55555f087860_0, C4<0000000000000000>, C4<0000000000000000>, C4<0000000000000000>;
L_0x55555f0bd510 .functor BUFZ 16, L_0x55555f0ba3c0, C4<0000000000000000>, C4<0000000000000000>, C4<0000000000000000>;
L_0x55555f0be170 .functor XOR 17, L_0x55555f0bda50, L_0x55555f0be080, C4<00000000000000000>, C4<00000000000000000>;
o0x7f40769951c8 .functor BUFZ 1, C4<z>; HiZ drive
L_0x55555f0be320 .functor XOR 1, L_0x55555f0bd5f0, o0x7f40769951c8, C4<0>, C4<0>;
L_0x55555f0bd580 .functor XOR 16, L_0x55555f0bd7a0, L_0x55555f0be640, C4<0000000000000000>, C4<0000000000000000>;
L_0x55555f0beb60 .functor BUFZ 16, L_0x55555f0be8d0, C4<0000000000000000>, C4<0000000000000000>, C4<0000000000000000>;
L_0x55555f0bee20 .functor BUFZ 16, v0x55555f087940_0, C4<0000000000000000>, C4<0000000000000000>, C4<0000000000000000>;
L_0x55555f0bef30 .functor BUFZ 16, L_0x55555f0ba490, C4<0000000000000000>, C4<0000000000000000>, C4<0000000000000000>;
L_0x55555f0bfbd0 .functor XOR 17, L_0x55555f0bf450, L_0x55555f0bf950, C4<00000000000000000>, C4<00000000000000000>;
L_0x55555f0bfd90 .functor XOR 16, L_0x55555f0bf0d0, L_0x55555f0c0130, C4<0000000000000000>, C4<0000000000000000>;
L_0x55555f0c0af0 .functor BUFZ 16, L_0x55555f0c0680, C4<0000000000000000>, C4<0000000000000000>, C4<0000000000000000>;
v0x55555f07fac0_0 .net "A", 15 0, o0x7f4076995108;  0 drivers
o0x7f4076995138 .functor BUFZ 1, C4<z>; HiZ drive
v0x55555f07fba0_0 .net "ACCUMCI", 0 0, o0x7f4076995138;  0 drivers
v0x55555f07fc60_0 .net "ACCUMCO", 0 0, L_0x55555f0bd5f0;  1 drivers
o0x7f4076995198 .functor BUFZ 1, C4<z>; HiZ drive
v0x55555f07fd00_0 .net "ADDSUBBOT", 0 0, o0x7f4076995198;  0 drivers
v0x55555f07fdc0_0 .net "ADDSUBTOP", 0 0, o0x7f40769951c8;  0 drivers
o0x7f40769951f8 .functor BUFZ 1, C4<z>; HiZ drive
v0x55555f07fe80_0 .net "AHOLD", 0 0, o0x7f40769951f8;  0 drivers
v0x55555f07ff40_0 .net "Ah", 15 0, L_0x55555f0ba7b0;  1 drivers
v0x55555f080020_0 .net "Al", 15 0, L_0x55555f0ba990;  1 drivers
v0x55555f080100_0 .net "B", 15 0, o0x7f4076995288;  0 drivers
o0x7f40769952b8 .functor BUFZ 1, C4<z>; HiZ drive
v0x55555f080270_0 .net "BHOLD", 0 0, o0x7f40769952b8;  0 drivers
v0x55555f080330_0 .net "Bh", 15 0, L_0x55555f0bac20;  1 drivers
v0x55555f080410_0 .net "Bl", 15 0, L_0x55555f0bae40;  1 drivers
v0x55555f0804f0_0 .net "C", 15 0, o0x7f4076995348;  0 drivers
o0x7f4076995378 .functor BUFZ 1, C4<z>; HiZ drive
v0x55555f0805d0_0 .net "CE", 0 0, o0x7f4076995378;  0 drivers
o0x7f40769953a8 .functor BUFZ 1, C4<z>; HiZ drive
v0x55555f080690_0 .net "CHOLD", 0 0, o0x7f40769953a8;  0 drivers
o0x7f40769953d8 .functor BUFZ 1, C4<z>; HiZ drive
v0x55555f080750_0 .net "CI", 0 0, o0x7f40769953d8;  0 drivers
v0x55555f080810_0 .net "CLK", 0 0, o0x7f4076995408;  0 drivers
v0x55555f0809e0_0 .net "CO", 0 0, L_0x55555f0be320;  1 drivers
v0x55555f080aa0_0 .net "D", 15 0, o0x7f4076995468;  0 drivers
o0x7f4076995498 .functor BUFZ 1, C4<z>; HiZ drive
v0x55555f080b80_0 .net "DHOLD", 0 0, o0x7f4076995498;  0 drivers
L_0x7f40769439a8 .functor BUFT 1, C4<0>, C4<0>, C4<0>, C4<0>;
v0x55555f080c40_0 .net "HCI", 0 0, L_0x7f40769439a8;  1 drivers
o0x7f40769954f8 .functor BUFZ 1, C4<z>; HiZ drive
v0x55555f080d00_0 .net "IRSTBOT", 0 0, o0x7f40769954f8;  0 drivers
o0x7f4076995528 .functor BUFZ 1, C4<z>; HiZ drive
v0x55555f080dc0_0 .net "IRSTTOP", 0 0, o0x7f4076995528;  0 drivers
L_0x7f4076943ac8 .functor BUFT 1, C4<0>, C4<0>, C4<0>, C4<0>;
v0x55555f080e80_0 .net "LCI", 0 0, L_0x7f4076943ac8;  1 drivers
v0x55555f080f40_0 .net "LCO", 0 0, L_0x55555f0befd0;  1 drivers
v0x55555f081000_0 .net "O", 31 0, L_0x55555f0c0bb0;  1 drivers
o0x7f40769955e8 .functor BUFZ 1, C4<z>; HiZ drive
v0x55555f0810e0_0 .net "OHOLDBOT", 0 0, o0x7f40769955e8;  0 drivers
o0x7f4076995618 .functor BUFZ 1, C4<z>; HiZ drive
v0x55555f0811a0_0 .net "OHOLDTOP", 0 0, o0x7f4076995618;  0 drivers
o0x7f4076995648 .functor BUFZ 1, C4<z>; HiZ drive
v0x55555f081260_0 .net "OLOADBOT", 0 0, o0x7f4076995648;  0 drivers
o0x7f4076995678 .functor BUFZ 1, C4<z>; HiZ drive
v0x55555f081320_0 .net "OLOADTOP", 0 0, o0x7f4076995678;  0 drivers
o0x7f40769956a8 .functor BUFZ 1, C4<z>; HiZ drive
v0x55555f0813e0_0 .net "ORSTBOT", 0 0, o0x7f40769956a8;  0 drivers
o0x7f40769956d8 .functor BUFZ 1, C4<z>; HiZ drive
v0x55555f0814a0_0 .net "ORSTTOP", 0 0, o0x7f40769956d8;  0 drivers
v0x55555f081560_0 .net "Oh", 15 0, L_0x55555f0beb60;  1 drivers
v0x55555f081850_0 .net "Ol", 15 0, L_0x55555f0c0af0;  1 drivers
o0x7f4076995768 .functor BUFZ 1, C4<z>; HiZ drive
v0x55555f081930_0 .net "SIGNEXTIN", 0 0, o0x7f4076995768;  0 drivers
v0x55555f0819f0_0 .net "SIGNEXTOUT", 0 0, L_0x55555f0bec20;  1 drivers
v0x55555f081ab0_0 .net "XW", 15 0, L_0x55555f0bd7a0;  1 drivers
v0x55555f081b90_0 .net "YZ", 15 0, L_0x55555f0bf0d0;  1 drivers
v0x55555f081c70_0 .net/2u *"_ivl_0", 0 0, L_0x7f4076943450;  1 drivers
v0x55555f081d50_0 .net *"_ivl_100", 31 0, L_0x55555f0bcd50;  1 drivers
L_0x7f4076943840 .functor BUFT 1, C4<0000000000000000>, C4<0>, C4<0>, C4<0>;
v0x55555f081e30_0 .net *"_ivl_103", 15 0, L_0x7f4076943840;  1 drivers
v0x55555f081f10_0 .net *"_ivl_104", 31 0, L_0x55555f0bd070;  1 drivers
v0x55555f081ff0_0 .net *"_ivl_106", 15 0, L_0x55555f0bcf80;  1 drivers
L_0x7f4076943888 .functor BUFT 1, C4<0000000000000000>, C4<0>, C4<0>, C4<0>;
v0x55555f0820d0_0 .net *"_ivl_108", 15 0, L_0x7f4076943888;  1 drivers
L_0x7f4076943498 .functor BUFT 1, C4<00000000>, C4<0>, C4<0>, C4<0>;
v0x55555f0821b0_0 .net/2u *"_ivl_12", 7 0, L_0x7f4076943498;  1 drivers
v0x55555f082290_0 .net *"_ivl_121", 16 0, L_0x55555f0bd840;  1 drivers
L_0x7f40769438d0 .functor BUFT 1, C4<0>, C4<0>, C4<0>, C4<0>;
v0x55555f082370_0 .net *"_ivl_124", 0 0, L_0x7f40769438d0;  1 drivers
v0x55555f082450_0 .net *"_ivl_125", 16 0, L_0x55555f0bda50;  1 drivers
L_0x7f4076943918 .functor BUFT 1, C4<0>, C4<0>, C4<0>, C4<0>;
v0x55555f082530_0 .net *"_ivl_128", 0 0, L_0x7f4076943918;  1 drivers
v0x55555f082610_0 .net *"_ivl_129", 15 0, L_0x55555f0bdb90;  1 drivers
v0x55555f0826f0_0 .net *"_ivl_131", 16 0, L_0x55555f0be080;  1 drivers
L_0x7f4076943960 .functor BUFT 1, C4<0>, C4<0>, C4<0>, C4<0>;
v0x55555f0827d0_0 .net *"_ivl_134", 0 0, L_0x7f4076943960;  1 drivers
v0x55555f0828b0_0 .net *"_ivl_135", 16 0, L_0x55555f0be170;  1 drivers
v0x55555f082990_0 .net *"_ivl_137", 16 0, L_0x55555f0be280;  1 drivers
L_0x7f4076943d50 .functor BUFT 1, C4<00000000000000000>, C4<0>, C4<0>, C4<0>;
v0x55555f082a70_0 .net *"_ivl_139", 16 0, L_0x7f4076943d50;  1 drivers
v0x55555f082b50_0 .net *"_ivl_143", 16 0, L_0x55555f0bdf50;  1 drivers
v0x55555f082c30_0 .net *"_ivl_147", 15 0, L_0x55555f0be640;  1 drivers
v0x55555f082d10_0 .net *"_ivl_149", 15 0, L_0x55555f0bd580;  1 drivers
v0x55555f082df0_0 .net *"_ivl_15", 7 0, L_0x55555f0ba690;  1 drivers
v0x55555f082ed0_0 .net *"_ivl_168", 16 0, L_0x55555f0bf310;  1 drivers
L_0x7f40769439f0 .functor BUFT 1, C4<0>, C4<0>, C4<0>, C4<0>;
v0x55555f082fb0_0 .net *"_ivl_171", 0 0, L_0x7f40769439f0;  1 drivers
v0x55555f083090_0 .net *"_ivl_172", 16 0, L_0x55555f0bf450;  1 drivers
L_0x7f4076943a38 .functor BUFT 1, C4<0>, C4<0>, C4<0>, C4<0>;
v0x55555f083170_0 .net *"_ivl_175", 0 0, L_0x7f4076943a38;  1 drivers
v0x55555f083250_0 .net *"_ivl_176", 15 0, L_0x55555f0bf710;  1 drivers
v0x55555f083330_0 .net *"_ivl_178", 16 0, L_0x55555f0bf950;  1 drivers
L_0x7f40769434e0 .functor BUFT 1, C4<00000000>, C4<0>, C4<0>, C4<0>;
v0x55555f083410_0 .net/2u *"_ivl_18", 7 0, L_0x7f40769434e0;  1 drivers
L_0x7f4076943a80 .functor BUFT 1, C4<0>, C4<0>, C4<0>, C4<0>;
v0x55555f0834f0_0 .net *"_ivl_181", 0 0, L_0x7f4076943a80;  1 drivers
v0x55555f0835d0_0 .net *"_ivl_182", 16 0, L_0x55555f0bfbd0;  1 drivers
v0x55555f0836b0_0 .net *"_ivl_184", 16 0, L_0x55555f0bee90;  1 drivers
L_0x7f4076943d98 .functor BUFT 1, C4<00000000000000000>, C4<0>, C4<0>, C4<0>;
v0x55555f083790_0 .net *"_ivl_186", 16 0, L_0x7f4076943d98;  1 drivers
v0x55555f083870_0 .net *"_ivl_190", 16 0, L_0x55555f0bfea0;  1 drivers
v0x55555f083950_0 .net *"_ivl_192", 15 0, L_0x55555f0c0130;  1 drivers
v0x55555f083a30_0 .net *"_ivl_194", 15 0, L_0x55555f0bfd90;  1 drivers
v0x55555f083b10_0 .net *"_ivl_21", 7 0, L_0x55555f0ba8f0;  1 drivers
L_0x7f4076943528 .functor BUFT 1, C4<00000000>, C4<0>, C4<0>, C4<0>;
v0x55555f083bf0_0 .net/2u *"_ivl_24", 7 0, L_0x7f4076943528;  1 drivers
v0x55555f083cd0_0 .net *"_ivl_27", 7 0, L_0x55555f0bab30;  1 drivers
L_0x7f4076943570 .functor BUFT 1, C4<00000000>, C4<0>, C4<0>, C4<0>;
v0x55555f083db0_0 .net/2u *"_ivl_30", 7 0, L_0x7f4076943570;  1 drivers
v0x55555f083e90_0 .net *"_ivl_33", 7 0, L_0x55555f0bada0;  1 drivers
L_0x7f40769435b8 .functor BUFT 1, C4<00000000>, C4<0>, C4<0>, C4<0>;
v0x55555f083f70_0 .net/2u *"_ivl_38", 7 0, L_0x7f40769435b8;  1 drivers
v0x55555f084050_0 .net *"_ivl_41", 7 0, L_0x55555f0bb110;  1 drivers
v0x55555f084130_0 .net *"_ivl_42", 15 0, L_0x55555f0bb260;  1 drivers
L_0x7f4076943600 .functor BUFT 1, C4<00000000>, C4<0>, C4<0>, C4<0>;
v0x55555f084210_0 .net/2u *"_ivl_46", 7 0, L_0x7f4076943600;  1 drivers
v0x55555f0842f0_0 .net *"_ivl_49", 7 0, L_0x55555f0bb4b0;  1 drivers
v0x55555f0843d0_0 .net *"_ivl_50", 15 0, L_0x55555f0bb5a0;  1 drivers
L_0x7f4076943648 .functor BUFT 1, C4<00000000>, C4<0>, C4<0>, C4<0>;
v0x55555f0844b0_0 .net/2u *"_ivl_64", 7 0, L_0x7f4076943648;  1 drivers
L_0x7f4076943690 .functor BUFT 1, C4<00000000>, C4<0>, C4<0>, C4<0>;
v0x55555f084590_0 .net/2u *"_ivl_68", 7 0, L_0x7f4076943690;  1 drivers
v0x55555f084670_0 .net *"_ivl_72", 31 0, L_0x55555f0bbfc0;  1 drivers
L_0x7f40769436d8 .functor BUFT 1, C4<0000000000000000>, C4<0>, C4<0>, C4<0>;
v0x55555f084750_0 .net *"_ivl_75", 15 0, L_0x7f40769436d8;  1 drivers
v0x55555f084830_0 .net *"_ivl_76", 31 0, L_0x55555f0bc100;  1 drivers
L_0x7f4076943720 .functor BUFT 1, C4<00000000>, C4<0>, C4<0>, C4<0>;
v0x55555f084910_0 .net *"_ivl_79", 7 0, L_0x7f4076943720;  1 drivers
v0x55555f0849f0_0 .net *"_ivl_80", 31 0, L_0x55555f0bc340;  1 drivers
v0x55555f084ad0_0 .net *"_ivl_82", 23 0, L_0x55555f0bbf20;  1 drivers
L_0x7f4076943768 .functor BUFT 1, C4<00000000>, C4<0>, C4<0>, C4<0>;
v0x55555f084bb0_0 .net *"_ivl_84", 7 0, L_0x7f4076943768;  1 drivers
v0x55555f084c90_0 .net *"_ivl_86", 31 0, L_0x55555f0bc540;  1 drivers
v0x55555f084d70_0 .net *"_ivl_88", 31 0, L_0x55555f0bc6f0;  1 drivers
L_0x7f40769437b0 .functor BUFT 1, C4<00000000>, C4<0>, C4<0>, C4<0>;
v0x55555f084e50_0 .net *"_ivl_91", 7 0, L_0x7f40769437b0;  1 drivers
v0x55555f084f30_0 .net *"_ivl_92", 31 0, L_0x55555f0bc9f0;  1 drivers
v0x55555f085010_0 .net *"_ivl_94", 23 0, L_0x55555f0bc900;  1 drivers
L_0x7f40769437f8 .functor BUFT 1, C4<00000000>, C4<0>, C4<0>, C4<0>;
v0x55555f0850f0_0 .net *"_ivl_96", 7 0, L_0x7f40769437f8;  1 drivers
v0x55555f0851d0_0 .net *"_ivl_98", 31 0, L_0x55555f0bcc10;  1 drivers
v0x55555f0852b0_0 .net "clock", 0 0, L_0x55555f0ba230;  1 drivers
v0x55555f085370_0 .net "iA", 15 0, L_0x55555f0ba3c0;  1 drivers
v0x55555f085450_0 .net "iB", 15 0, L_0x55555f0ba490;  1 drivers
v0x55555f085530_0 .net "iC", 15 0, L_0x55555f0ba320;  1 drivers
v0x55555f085610_0 .net "iD", 15 0, L_0x55555f0ba590;  1 drivers
v0x55555f0856f0_0 .net "iF", 15 0, L_0x55555f0bb440;  1 drivers
v0x55555f0857d0_0 .net "iG", 15 0, L_0x55555f0bbbe0;  1 drivers
v0x55555f0858b0_0 .net "iH", 31 0, L_0x55555f0bc5e0;  1 drivers
v0x55555f085990_0 .net "iJ", 15 0, L_0x55555f0bba10;  1 drivers
v0x55555f085a70_0 .net "iJ_e", 23 0, L_0x55555f0bbde0;  1 drivers
v0x55555f085b50_0 .net "iK", 15 0, L_0x55555f0bbad0;  1 drivers
v0x55555f085c30_0 .net "iK_e", 23 0, L_0x55555f0bbca0;  1 drivers
v0x55555f085d10_0 .net "iL", 31 0, L_0x55555f0bd2b0;  1 drivers
v0x55555f085df0_0 .net "iP", 15 0, L_0x55555f0be8d0;  1 drivers
v0x55555f085ed0_0 .net "iQ", 15 0, v0x55555f087860_0;  1 drivers
v0x55555f085fb0_0 .net "iR", 15 0, L_0x55555f0c0680;  1 drivers
v0x55555f086090_0 .net "iS", 15 0, v0x55555f087940_0;  1 drivers
v0x55555f086170_0 .net "iW", 15 0, L_0x55555f0bd4a0;  1 drivers
v0x55555f086250_0 .net "iX", 15 0, L_0x55555f0bd510;  1 drivers
v0x55555f086330_0 .net "iY", 15 0, L_0x55555f0bee20;  1 drivers
v0x55555f086410_0 .net "iZ", 15 0, L_0x55555f0bef30;  1 drivers
v0x55555f0864f0_0 .net "p_Ah_Bh", 15 0, L_0x55555f0bafd0;  1 drivers
v0x55555f0865d0_0 .net "p_Ah_Bl", 15 0, L_0x55555f0bb760;  1 drivers
v0x55555f0866b0_0 .net "p_Al_Bh", 15 0, L_0x55555f0bb350;  1 drivers
v0x55555f086790_0 .net "p_Al_Bl", 15 0, L_0x55555f0bb850;  1 drivers
v0x55555f086870_0 .var "rA", 15 0;
v0x55555f086950_0 .var "rB", 15 0;
v0x55555f086a30_0 .var "rC", 15 0;
v0x55555f086b10_0 .var "rD", 15 0;
v0x55555f087400_0 .var "rF", 15 0;
v0x55555f0874e0_0 .var "rG", 15 0;
v0x55555f0875c0_0 .var "rH", 31 0;
v0x55555f0876a0_0 .var "rJ", 15 0;
v0x55555f087780_0 .var "rK", 15 0;
v0x55555f087860_0 .var "rQ", 15 0;
v0x55555f087940_0 .var "rS", 15 0;
E_0x55555f07f8f0 .event posedge, v0x55555f0813e0_0, v0x55555f0852b0_0;
E_0x55555f07f970 .event posedge, v0x55555f0814a0_0, v0x55555f0852b0_0;
E_0x55555f07f9d0 .event posedge, v0x55555f080d00_0, v0x55555f0852b0_0;
E_0x55555f07fa30 .event posedge, v0x55555f080dc0_0, v0x55555f0852b0_0;
L_0x55555f0ba690 .part L_0x55555f0ba3c0, 8, 8;
L_0x55555f0ba7b0 .concat [ 8 8 0 0], L_0x55555f0ba690, L_0x7f4076943498;
L_0x55555f0ba8f0 .part L_0x55555f0ba3c0, 0, 8;
L_0x55555f0ba990 .concat [ 8 8 0 0], L_0x55555f0ba8f0, L_0x7f40769434e0;
L_0x55555f0bab30 .part L_0x55555f0ba490, 8, 8;
L_0x55555f0bac20 .concat [ 8 8 0 0], L_0x55555f0bab30, L_0x7f4076943528;
L_0x55555f0bada0 .part L_0x55555f0ba490, 0, 8;
L_0x55555f0bae40 .concat [ 8 8 0 0], L_0x55555f0bada0, L_0x7f4076943570;
L_0x55555f0bafd0 .arith/mult 16, L_0x55555f0ba7b0, L_0x55555f0bac20;
L_0x55555f0bb110 .part L_0x55555f0ba990, 0, 8;
L_0x55555f0bb260 .concat [ 8 8 0 0], L_0x55555f0bb110, L_0x7f40769435b8;
L_0x55555f0bb350 .arith/mult 16, L_0x55555f0bb260, L_0x55555f0bac20;
L_0x55555f0bb4b0 .part L_0x55555f0bae40, 0, 8;
L_0x55555f0bb5a0 .concat [ 8 8 0 0], L_0x55555f0bb4b0, L_0x7f4076943600;
L_0x55555f0bb760 .arith/mult 16, L_0x55555f0ba7b0, L_0x55555f0bb5a0;
L_0x55555f0bb850 .arith/mult 16, L_0x55555f0ba990, L_0x55555f0bae40;
L_0x55555f0bbca0 .concat [ 16 8 0 0], L_0x55555f0bbad0, L_0x7f4076943648;
L_0x55555f0bbde0 .concat [ 16 8 0 0], L_0x55555f0bba10, L_0x7f4076943690;
L_0x55555f0bbfc0 .concat [ 16 16 0 0], L_0x55555f0bbbe0, L_0x7f40769436d8;
L_0x55555f0bc100 .concat [ 24 8 0 0], L_0x55555f0bbca0, L_0x7f4076943720;
L_0x55555f0bbf20 .part L_0x55555f0bc100, 0, 24;
L_0x55555f0bc340 .concat [ 8 24 0 0], L_0x7f4076943768, L_0x55555f0bbf20;
L_0x55555f0bc540 .arith/sum 32, L_0x55555f0bbfc0, L_0x55555f0bc340;
L_0x55555f0bc6f0 .concat [ 24 8 0 0], L_0x55555f0bbde0, L_0x7f40769437b0;
L_0x55555f0bc900 .part L_0x55555f0bc6f0, 0, 24;
L_0x55555f0bc9f0 .concat [ 8 24 0 0], L_0x7f40769437f8, L_0x55555f0bc900;
L_0x55555f0bcc10 .arith/sum 32, L_0x55555f0bc540, L_0x55555f0bc9f0;
L_0x55555f0bcd50 .concat [ 16 16 0 0], L_0x55555f0bb440, L_0x7f4076943840;
L_0x55555f0bcf80 .part L_0x55555f0bcd50, 0, 16;
L_0x55555f0bd070 .concat [ 16 16 0 0], L_0x7f4076943888, L_0x55555f0bcf80;
L_0x55555f0bd2b0 .arith/sum 32, L_0x55555f0bcc10, L_0x55555f0bd070;
L_0x55555f0bd5f0 .part L_0x55555f0bdf50, 16, 1;
L_0x55555f0bd7a0 .part L_0x55555f0bdf50, 0, 16;
L_0x55555f0bd840 .concat [ 16 1 0 0], L_0x55555f0bd510, L_0x7f40769438d0;
L_0x55555f0bda50 .concat [ 16 1 0 0], L_0x55555f0bd4a0, L_0x7f4076943918;
LS_0x55555f0bdb90_0_0 .concat [ 1 1 1 1], o0x7f40769951c8, o0x7f40769951c8, o0x7f40769951c8, o0x7f40769951c8;
LS_0x55555f0bdb90_0_4 .concat [ 1 1 1 1], o0x7f40769951c8, o0x7f40769951c8, o0x7f40769951c8, o0x7f40769951c8;
LS_0x55555f0bdb90_0_8 .concat [ 1 1 1 1], o0x7f40769951c8, o0x7f40769951c8, o0x7f40769951c8, o0x7f40769951c8;
LS_0x55555f0bdb90_0_12 .concat [ 1 1 1 1], o0x7f40769951c8, o0x7f40769951c8, o0x7f40769951c8, o0x7f40769951c8;
L_0x55555f0bdb90 .concat [ 4 4 4 4], LS_0x55555f0bdb90_0_0, LS_0x55555f0bdb90_0_4, LS_0x55555f0bdb90_0_8, LS_0x55555f0bdb90_0_12;
L_0x55555f0be080 .concat [ 16 1 0 0], L_0x55555f0bdb90, L_0x7f4076943960;
L_0x55555f0be280 .arith/sum 17, L_0x55555f0bd840, L_0x55555f0be170;
L_0x55555f0bdf50 .arith/sum 17, L_0x55555f0be280, L_0x7f4076943d50;
LS_0x55555f0be640_0_0 .concat [ 1 1 1 1], o0x7f40769951c8, o0x7f40769951c8, o0x7f40769951c8, o0x7f40769951c8;
LS_0x55555f0be640_0_4 .concat [ 1 1 1 1], o0x7f40769951c8, o0x7f40769951c8, o0x7f40769951c8, o0x7f40769951c8;
LS_0x55555f0be640_0_8 .concat [ 1 1 1 1], o0x7f40769951c8, o0x7f40769951c8, o0x7f40769951c8, o0x7f40769951c8;
LS_0x55555f0be640_0_12 .concat [ 1 1 1 1], o0x7f40769951c8, o0x7f40769951c8, o0x7f40769951c8, o0x7f40769951c8;
L_0x55555f0be640 .concat [ 4 4 4 4], LS_0x55555f0be640_0_0, LS_0x55555f0be640_0_4, LS_0x55555f0be640_0_8, LS_0x55555f0be640_0_12;
L_0x55555f0be8d0 .functor MUXZ 16, L_0x55555f0bd580, L_0x55555f0ba320, o0x7f4076995678, C4<>;
L_0x55555f0bec20 .part L_0x55555f0bd510, 15, 1;
L_0x55555f0befd0 .part L_0x55555f0bfea0, 16, 1;
L_0x55555f0bf0d0 .part L_0x55555f0bfea0, 0, 16;
L_0x55555f0bf310 .concat [ 16 1 0 0], L_0x55555f0bef30, L_0x7f40769439f0;
L_0x55555f0bf450 .concat [ 16 1 0 0], L_0x55555f0bee20, L_0x7f4076943a38;
LS_0x55555f0bf710_0_0 .concat [ 1 1 1 1], o0x7f4076995198, o0x7f4076995198, o0x7f4076995198, o0x7f4076995198;
LS_0x55555f0bf710_0_4 .concat [ 1 1 1 1], o0x7f4076995198, o0x7f4076995198, o0x7f4076995198, o0x7f4076995198;
LS_0x55555f0bf710_0_8 .concat [ 1 1 1 1], o0x7f4076995198, o0x7f4076995198, o0x7f4076995198, o0x7f4076995198;
LS_0x55555f0bf710_0_12 .concat [ 1 1 1 1], o0x7f4076995198, o0x7f4076995198, o0x7f4076995198, o0x7f4076995198;
L_0x55555f0bf710 .concat [ 4 4 4 4], LS_0x55555f0bf710_0_0, LS_0x55555f0bf710_0_4, LS_0x55555f0bf710_0_8, LS_0x55555f0bf710_0_12;
L_0x55555f0bf950 .concat [ 16 1 0 0], L_0x55555f0bf710, L_0x7f4076943a80;
L_0x55555f0bee90 .arith/sum 17, L_0x55555f0bf310, L_0x55555f0bfbd0;
L_0x55555f0bfea0 .arith/sum 17, L_0x55555f0bee90, L_0x7f4076943d98;
LS_0x55555f0c0130_0_0 .concat [ 1 1 1 1], o0x7f4076995198, o0x7f4076995198, o0x7f4076995198, o0x7f4076995198;
LS_0x55555f0c0130_0_4 .concat [ 1 1 1 1], o0x7f4076995198, o0x7f4076995198, o0x7f4076995198, o0x7f4076995198;
LS_0x55555f0c0130_0_8 .concat [ 1 1 1 1], o0x7f4076995198, o0x7f4076995198, o0x7f4076995198, o0x7f4076995198;
LS_0x55555f0c0130_0_12 .concat [ 1 1 1 1], o0x7f4076995198, o0x7f4076995198, o0x7f4076995198, o0x7f4076995198;
L_0x55555f0c0130 .concat [ 4 4 4 4], LS_0x55555f0c0130_0_0, LS_0x55555f0c0130_0_4, LS_0x55555f0c0130_0_8, LS_0x55555f0c0130_0_12;
L_0x55555f0c0680 .functor MUXZ 16, L_0x55555f0bfd90, L_0x55555f0ba590, o0x7f4076995648, C4<>;
L_0x55555f0c0bb0 .concat [ 16 16 0 0], L_0x55555f0c0af0, L_0x55555f0beb60;
S_0x55555f01d7a0 .scope module, "SB_PLL40_2F_CORE" "SB_PLL40_2F_CORE" 2 2521;
 .timescale -12 -12;
    .port_info 0 /INPUT 1 "REFERENCECLK";
    .port_info 1 /OUTPUT 1 "PLLOUTCOREA";
    .port_info 2 /OUTPUT 1 "PLLOUTGLOBALA";
    .port_info 3 /OUTPUT 1 "PLLOUTCOREB";
    .port_info 4 /OUTPUT 1 "PLLOUTGLOBALB";
    .port_info 5 /INPUT 1 "EXTFEEDBACK";
    .port_info 6 /INPUT 8 "DYNAMICDELAY";
    .port_info 7 /OUTPUT 1 "LOCK";
    .port_info 8 /INPUT 1 "BYPASS";
    .port_info 9 /INPUT 1 "RESETB";
    .port_info 10 /INPUT 1 "LATCHINPUTVALUE";
    .port_info 11 /OUTPUT 1 "SDO";
    .port_info 12 /INPUT 1 "SDI";
    .port_info 13 /INPUT 1 "SCLK";
P_0x55555ee24e20 .param/str "DELAY_ADJUSTMENT_MODE_FEEDBACK" 0 2 2538, "FIXED";
P_0x55555ee24e60 .param/str "DELAY_ADJUSTMENT_MODE_RELATIVE" 0 2 2539, "FIXED";
P_0x55555ee24ea0 .param/l "DIVF" 0 2 2546, C4<0000000>;
P_0x55555ee24ee0 .param/l "DIVQ" 0 2 2547, C4<000>;
P_0x55555ee24f20 .param/l "DIVR" 0 2 2545, C4<0000>;
P_0x55555ee24f60 .param/l "ENABLE_ICEGATE_PORTA" 0 2 2549, C4<0>;
P_0x55555ee24fa0 .param/l "ENABLE_ICEGATE_PORTB" 0 2 2550, C4<0>;
P_0x55555ee24fe0 .param/l "EXTERNAL_DIVIDE_FACTOR" 0 2 2552, +C4<00000000000000000000000000000001>;
P_0x55555ee25020 .param/l "FDA_FEEDBACK" 0 2 2541, C4<0000>;
P_0x55555ee25060 .param/l "FDA_RELATIVE" 0 2 2542, C4<0000>;
P_0x55555ee250a0 .param/str "FEEDBACK_PATH" 0 2 2537, "SIMPLE";
P_0x55555ee250e0 .param/l "FILTER_RANGE" 0 2 2548, C4<000>;
P_0x55555ee25120 .param/str "PLLOUT_SELECT_PORTA" 0 2 2543, "GENCLK";
P_0x55555ee25160 .param/str "PLLOUT_SELECT_PORTB" 0 2 2544, "GENCLK";
P_0x55555ee251a0 .param/l "SHIFTREG_DIV_MODE" 0 2 2540, C4<0>;
P_0x55555ee251e0 .param/l "TEST_MODE" 0 2 2551, C4<0>;
o0x7f4076996f98 .functor BUFZ 1, C4<z>; HiZ drive
v0x55555f087e60_0 .net "BYPASS", 0 0, o0x7f4076996f98;  0 drivers
o0x7f4076996fc8 .functor BUFZ 8, C4<zzzzzzzz>; HiZ drive
v0x55555f087f40_0 .net "DYNAMICDELAY", 7 0, o0x7f4076996fc8;  0 drivers
o0x7f4076996ff8 .functor BUFZ 1, C4<z>; HiZ drive
v0x55555f088020_0 .net "EXTFEEDBACK", 0 0, o0x7f4076996ff8;  0 drivers
o0x7f4076997028 .functor BUFZ 1, C4<z>; HiZ drive
v0x55555f0880c0_0 .net "LATCHINPUTVALUE", 0 0, o0x7f4076997028;  0 drivers
o0x7f4076997058 .functor BUFZ 1, C4<z>; HiZ drive
v0x55555f088180_0 .net "LOCK", 0 0, o0x7f4076997058;  0 drivers
o0x7f4076997088 .functor BUFZ 1, C4<z>; HiZ drive
v0x55555f088240_0 .net "PLLOUTCOREA", 0 0, o0x7f4076997088;  0 drivers
o0x7f40769970b8 .functor BUFZ 1, C4<z>; HiZ drive
v0x55555f088300_0 .net "PLLOUTCOREB", 0 0, o0x7f40769970b8;  0 drivers
o0x7f40769970e8 .functor BUFZ 1, C4<z>; HiZ drive
v0x55555f0883c0_0 .net "PLLOUTGLOBALA", 0 0, o0x7f40769970e8;  0 drivers
o0x7f4076997118 .functor BUFZ 1, C4<z>; HiZ drive
v0x55555f088480_0 .net "PLLOUTGLOBALB", 0 0, o0x7f4076997118;  0 drivers
o0x7f4076997148 .functor BUFZ 1, C4<z>; HiZ drive
v0x55555f088540_0 .net "REFERENCECLK", 0 0, o0x7f4076997148;  0 drivers
o0x7f4076997178 .functor BUFZ 1, C4<z>; HiZ drive
v0x55555f088600_0 .net "RESETB", 0 0, o0x7f4076997178;  0 drivers
o0x7f40769971a8 .functor BUFZ 1, C4<z>; HiZ drive
v0x55555f0886c0_0 .net "SCLK", 0 0, o0x7f40769971a8;  0 drivers
o0x7f40769971d8 .functor BUFZ 1, C4<z>; HiZ drive
v0x55555f088780_0 .net "SDI", 0 0, o0x7f40769971d8;  0 drivers
o0x7f4076997208 .functor BUFZ 1, C4<z>; HiZ drive
v0x55555f088840_0 .net "SDO", 0 0, o0x7f4076997208;  0 drivers
S_0x55555f018560 .scope module, "SB_PLL40_2F_PAD" "SB_PLL40_2F_PAD" 2 2556;
 .timescale -12 -12;
    .port_info 0 /INPUT 1 "PACKAGEPIN";
    .port_info 1 /OUTPUT 1 "PLLOUTCOREA";
    .port_info 2 /OUTPUT 1 "PLLOUTGLOBALA";
    .port_info 3 /OUTPUT 1 "PLLOUTCOREB";
    .port_info 4 /OUTPUT 1 "PLLOUTGLOBALB";
    .port_info 5 /INPUT 1 "EXTFEEDBACK";
    .port_info 6 /INPUT 8 "DYNAMICDELAY";
    .port_info 7 /OUTPUT 1 "LOCK";
    .port_info 8 /INPUT 1 "BYPASS";
    .port_info 9 /INPUT 1 "RESETB";
    .port_info 10 /INPUT 1 "LATCHINPUTVALUE";
    .port_info 11 /OUTPUT 1 "SDO";
    .port_info 12 /INPUT 1 "SDI";
    .port_info 13 /INPUT 1 "SCLK";
P_0x55555eed7ca0 .param/str "DELAY_ADJUSTMENT_MODE_FEEDBACK" 0 2 2573, "FIXED";
P_0x55555eed7ce0 .param/str "DELAY_ADJUSTMENT_MODE_RELATIVE" 0 2 2574, "FIXED";
P_0x55555eed7d20 .param/l "DIVF" 0 2 2581, C4<0000000>;
P_0x55555eed7d60 .param/l "DIVQ" 0 2 2582, C4<000>;
P_0x55555eed7da0 .param/l "DIVR" 0 2 2580, C4<0000>;
P_0x55555eed7de0 .param/l "ENABLE_ICEGATE_PORTA" 0 2 2584, C4<0>;
P_0x55555eed7e20 .param/l "ENABLE_ICEGATE_PORTB" 0 2 2585, C4<0>;
P_0x55555eed7e60 .param/l "EXTERNAL_DIVIDE_FACTOR" 0 2 2587, +C4<00000000000000000000000000000001>;
P_0x55555eed7ea0 .param/l "FDA_FEEDBACK" 0 2 2576, C4<0000>;
P_0x55555eed7ee0 .param/l "FDA_RELATIVE" 0 2 2577, C4<0000>;
P_0x55555eed7f20 .param/str "FEEDBACK_PATH" 0 2 2572, "SIMPLE";
P_0x55555eed7f60 .param/l "FILTER_RANGE" 0 2 2583, C4<000>;
P_0x55555eed7fa0 .param/str "PLLOUT_SELECT_PORTA" 0 2 2578, "GENCLK";
P_0x55555eed7fe0 .param/str "PLLOUT_SELECT_PORTB" 0 2 2579, "GENCLK";
P_0x55555eed8020 .param/l "SHIFTREG_DIV_MODE" 0 2 2575, C4<00>;
P_0x55555eed8060 .param/l "TEST_MODE" 0 2 2586, C4<0>;
o0x7f40769974d8 .functor BUFZ 1, C4<z>; HiZ drive
v0x55555f088ac0_0 .net "BYPASS", 0 0, o0x7f40769974d8;  0 drivers
o0x7f4076997508 .functor BUFZ 8, C4<zzzzzzzz>; HiZ drive
v0x55555f088ba0_0 .net "DYNAMICDELAY", 7 0, o0x7f4076997508;  0 drivers
o0x7f4076997538 .functor BUFZ 1, C4<z>; HiZ drive
v0x55555f088c80_0 .net "EXTFEEDBACK", 0 0, o0x7f4076997538;  0 drivers
o0x7f4076997568 .functor BUFZ 1, C4<z>; HiZ drive
v0x55555f088d20_0 .net "LATCHINPUTVALUE", 0 0, o0x7f4076997568;  0 drivers
o0x7f4076997598 .functor BUFZ 1, C4<z>; HiZ drive
v0x55555f088de0_0 .net "LOCK", 0 0, o0x7f4076997598;  0 drivers
o0x7f40769975c8 .functor BUFZ 1, C4<z>; HiZ drive
v0x55555f088ea0_0 .net "PACKAGEPIN", 0 0, o0x7f40769975c8;  0 drivers
o0x7f40769975f8 .functor BUFZ 1, C4<z>; HiZ drive
v0x55555f088f60_0 .net "PLLOUTCOREA", 0 0, o0x7f40769975f8;  0 drivers
o0x7f4076997628 .functor BUFZ 1, C4<z>; HiZ drive
v0x55555f089020_0 .net "PLLOUTCOREB", 0 0, o0x7f4076997628;  0 drivers
o0x7f4076997658 .functor BUFZ 1, C4<z>; HiZ drive
v0x55555f0890e0_0 .net "PLLOUTGLOBALA", 0 0, o0x7f4076997658;  0 drivers
o0x7f4076997688 .functor BUFZ 1, C4<z>; HiZ drive
v0x55555f089230_0 .net "PLLOUTGLOBALB", 0 0, o0x7f4076997688;  0 drivers
o0x7f40769976b8 .functor BUFZ 1, C4<z>; HiZ drive
v0x55555f0892f0_0 .net "RESETB", 0 0, o0x7f40769976b8;  0 drivers
o0x7f40769976e8 .functor BUFZ 1, C4<z>; HiZ drive
v0x55555f0893b0_0 .net "SCLK", 0 0, o0x7f40769976e8;  0 drivers
o0x7f4076997718 .functor BUFZ 1, C4<z>; HiZ drive
v0x55555f089470_0 .net "SDI", 0 0, o0x7f4076997718;  0 drivers
o0x7f4076997748 .functor BUFZ 1, C4<z>; HiZ drive
v0x55555f089530_0 .net "SDO", 0 0, o0x7f4076997748;  0 drivers
S_0x55555f007c40 .scope module, "SB_PLL40_2_PAD" "SB_PLL40_2_PAD" 2 2487;
 .timescale -12 -12;
    .port_info 0 /INPUT 1 "PACKAGEPIN";
    .port_info 1 /OUTPUT 1 "PLLOUTCOREA";
    .port_info 2 /OUTPUT 1 "PLLOUTGLOBALA";
    .port_info 3 /OUTPUT 1 "PLLOUTCOREB";
    .port_info 4 /OUTPUT 1 "PLLOUTGLOBALB";
    .port_info 5 /INPUT 1 "EXTFEEDBACK";
    .port_info 6 /INPUT 8 "DYNAMICDELAY";
    .port_info 7 /OUTPUT 1 "LOCK";
    .port_info 8 /INPUT 1 "BYPASS";
    .port_info 9 /INPUT 1 "RESETB";
    .port_info 10 /INPUT 1 "LATCHINPUTVALUE";
    .port_info 11 /OUTPUT 1 "SDO";
    .port_info 12 /INPUT 1 "SDI";
    .port_info 13 /INPUT 1 "SCLK";
P_0x55555eee3a20 .param/str "DELAY_ADJUSTMENT_MODE_FEEDBACK" 0 2 2504, "FIXED";
P_0x55555eee3a60 .param/str "DELAY_ADJUSTMENT_MODE_RELATIVE" 0 2 2505, "FIXED";
P_0x55555eee3aa0 .param/l "DIVF" 0 2 2511, C4<0000000>;
P_0x55555eee3ae0 .param/l "DIVQ" 0 2 2512, C4<000>;
P_0x55555eee3b20 .param/l "DIVR" 0 2 2510, C4<0000>;
P_0x55555eee3b60 .param/l "ENABLE_ICEGATE_PORTA" 0 2 2514, C4<0>;
P_0x55555eee3ba0 .param/l "ENABLE_ICEGATE_PORTB" 0 2 2515, C4<0>;
P_0x55555eee3be0 .param/l "EXTERNAL_DIVIDE_FACTOR" 0 2 2517, +C4<00000000000000000000000000000001>;
P_0x55555eee3c20 .param/l "FDA_FEEDBACK" 0 2 2507, C4<0000>;
P_0x55555eee3c60 .param/l "FDA_RELATIVE" 0 2 2508, C4<0000>;
P_0x55555eee3ca0 .param/str "FEEDBACK_PATH" 0 2 2503, "SIMPLE";
P_0x55555eee3ce0 .param/l "FILTER_RANGE" 0 2 2513, C4<000>;
P_0x55555eee3d20 .param/str "PLLOUT_SELECT_PORTB" 0 2 2509, "GENCLK";
P_0x55555eee3d60 .param/l "SHIFTREG_DIV_MODE" 0 2 2506, C4<0>;
P_0x55555eee3da0 .param/l "TEST_MODE" 0 2 2516, C4<0>;
o0x7f4076997a18 .functor BUFZ 1, C4<z>; HiZ drive
v0x55555f0897b0_0 .net "BYPASS", 0 0, o0x7f4076997a18;  0 drivers
o0x7f4076997a48 .functor BUFZ 8, C4<zzzzzzzz>; HiZ drive
v0x55555f089890_0 .net "DYNAMICDELAY", 7 0, o0x7f4076997a48;  0 drivers
o0x7f4076997a78 .functor BUFZ 1, C4<z>; HiZ drive
v0x55555f089970_0 .net "EXTFEEDBACK", 0 0, o0x7f4076997a78;  0 drivers
o0x7f4076997aa8 .functor BUFZ 1, C4<z>; HiZ drive
v0x55555f089a10_0 .net "LATCHINPUTVALUE", 0 0, o0x7f4076997aa8;  0 drivers
o0x7f4076997ad8 .functor BUFZ 1, C4<z>; HiZ drive
v0x55555f089ad0_0 .net "LOCK", 0 0, o0x7f4076997ad8;  0 drivers
o0x7f4076997b08 .functor BUFZ 1, C4<z>; HiZ drive
v0x55555f089b90_0 .net "PACKAGEPIN", 0 0, o0x7f4076997b08;  0 drivers
o0x7f4076997b38 .functor BUFZ 1, C4<z>; HiZ drive
v0x55555f089c50_0 .net "PLLOUTCOREA", 0 0, o0x7f4076997b38;  0 drivers
o0x7f4076997b68 .functor BUFZ 1, C4<z>; HiZ drive
v0x55555f089d10_0 .net "PLLOUTCOREB", 0 0, o0x7f4076997b68;  0 drivers
o0x7f4076997b98 .functor BUFZ 1, C4<z>; HiZ drive
v0x55555f089dd0_0 .net "PLLOUTGLOBALA", 0 0, o0x7f4076997b98;  0 drivers
o0x7f4076997bc8 .functor BUFZ 1, C4<z>; HiZ drive
v0x55555f089f20_0 .net "PLLOUTGLOBALB", 0 0, o0x7f4076997bc8;  0 drivers
o0x7f4076997bf8 .functor BUFZ 1, C4<z>; HiZ drive
v0x55555f089fe0_0 .net "RESETB", 0 0, o0x7f4076997bf8;  0 drivers
o0x7f4076997c28 .functor BUFZ 1, C4<z>; HiZ drive
v0x55555f08a0a0_0 .net "SCLK", 0 0, o0x7f4076997c28;  0 drivers
o0x7f4076997c58 .functor BUFZ 1, C4<z>; HiZ drive
v0x55555f08a160_0 .net "SDI", 0 0, o0x7f4076997c58;  0 drivers
o0x7f4076997c88 .functor BUFZ 1, C4<z>; HiZ drive
v0x55555f08a220_0 .net "SDO", 0 0, o0x7f4076997c88;  0 drivers
S_0x55555f00a330 .scope module, "SB_PLL40_CORE" "SB_PLL40_CORE" 2 2425;
 .timescale -12 -12;
    .port_info 0 /INPUT 1 "REFERENCECLK";
    .port_info 1 /OUTPUT 1 "PLLOUTCORE";
    .port_info 2 /OUTPUT 1 "PLLOUTGLOBAL";
    .port_info 3 /INPUT 1 "EXTFEEDBACK";
    .port_info 4 /INPUT 8 "DYNAMICDELAY";
    .port_info 5 /OUTPUT 1 "LOCK";
    .port_info 6 /INPUT 1 "BYPASS";
    .port_info 7 /INPUT 1 "RESETB";
    .port_info 8 /INPUT 1 "LATCHINPUTVALUE";
    .port_info 9 /OUTPUT 1 "SDO";
    .port_info 10 /INPUT 1 "SDI";
    .port_info 11 /INPUT 1 "SCLK";
P_0x55555eeeefb0 .param/str "DELAY_ADJUSTMENT_MODE_FEEDBACK" 0 2 2440, "FIXED";
P_0x55555eeeeff0 .param/str "DELAY_ADJUSTMENT_MODE_RELATIVE" 0 2 2441, "FIXED";
P_0x55555eeef030 .param/l "DIVF" 0 2 2447, C4<0000000>;
P_0x55555eeef070 .param/l "DIVQ" 0 2 2448, C4<000>;
P_0x55555eeef0b0 .param/l "DIVR" 0 2 2446, C4<0000>;
P_0x55555eeef0f0 .param/l "ENABLE_ICEGATE" 0 2 2450, C4<0>;
P_0x55555eeef130 .param/l "EXTERNAL_DIVIDE_FACTOR" 0 2 2452, +C4<00000000000000000000000000000001>;
P_0x55555eeef170 .param/l "FDA_FEEDBACK" 0 2 2443, C4<0000>;
P_0x55555eeef1b0 .param/l "FDA_RELATIVE" 0 2 2444, C4<0000>;
P_0x55555eeef1f0 .param/str "FEEDBACK_PATH" 0 2 2439, "SIMPLE";
P_0x55555eeef230 .param/l "FILTER_RANGE" 0 2 2449, C4<000>;
P_0x55555eeef270 .param/str "PLLOUT_SELECT" 0 2 2445, "GENCLK";
P_0x55555eeef2b0 .param/l "SHIFTREG_DIV_MODE" 0 2 2442, C4<0>;
P_0x55555eeef2f0 .param/l "TEST_MODE" 0 2 2451, C4<0>;
o0x7f4076997f58 .functor BUFZ 1, C4<z>; HiZ drive
v0x55555f08a4a0_0 .net "BYPASS", 0 0, o0x7f4076997f58;  0 drivers
o0x7f4076997f88 .functor BUFZ 8, C4<zzzzzzzz>; HiZ drive
v0x55555f08a580_0 .net "DYNAMICDELAY", 7 0, o0x7f4076997f88;  0 drivers
o0x7f4076997fb8 .functor BUFZ 1, C4<z>; HiZ drive
v0x55555f08a660_0 .net "EXTFEEDBACK", 0 0, o0x7f4076997fb8;  0 drivers
o0x7f4076997fe8 .functor BUFZ 1, C4<z>; HiZ drive
v0x55555f08a700_0 .net "LATCHINPUTVALUE", 0 0, o0x7f4076997fe8;  0 drivers
o0x7f4076998018 .functor BUFZ 1, C4<z>; HiZ drive
v0x55555f08a7c0_0 .net "LOCK", 0 0, o0x7f4076998018;  0 drivers
o0x7f4076998048 .functor BUFZ 1, C4<z>; HiZ drive
v0x55555f08a880_0 .net "PLLOUTCORE", 0 0, o0x7f4076998048;  0 drivers
o0x7f4076998078 .functor BUFZ 1, C4<z>; HiZ drive
v0x55555f08a940_0 .net "PLLOUTGLOBAL", 0 0, o0x7f4076998078;  0 drivers
o0x7f40769980a8 .functor BUFZ 1, C4<z>; HiZ drive
v0x55555f08aa00_0 .net "REFERENCECLK", 0 0, o0x7f40769980a8;  0 drivers
o0x7f40769980d8 .functor BUFZ 1, C4<z>; HiZ drive
v0x55555f08aac0_0 .net "RESETB", 0 0, o0x7f40769980d8;  0 drivers
o0x7f4076998108 .functor BUFZ 1, C4<z>; HiZ drive
v0x55555f08ac10_0 .net "SCLK", 0 0, o0x7f4076998108;  0 drivers
o0x7f4076998138 .functor BUFZ 1, C4<z>; HiZ drive
v0x55555f08acd0_0 .net "SDI", 0 0, o0x7f4076998138;  0 drivers
o0x7f4076998168 .functor BUFZ 1, C4<z>; HiZ drive
v0x55555f08ad90_0 .net "SDO", 0 0, o0x7f4076998168;  0 drivers
S_0x55555f008910 .scope module, "SB_PLL40_PAD" "SB_PLL40_PAD" 2 2456;
 .timescale -12 -12;
    .port_info 0 /INPUT 1 "PACKAGEPIN";
    .port_info 1 /OUTPUT 1 "PLLOUTCORE";
    .port_info 2 /OUTPUT 1 "PLLOUTGLOBAL";
    .port_info 3 /INPUT 1 "EXTFEEDBACK";
    .port_info 4 /INPUT 8 "DYNAMICDELAY";
    .port_info 5 /OUTPUT 1 "LOCK";
    .port_info 6 /INPUT 1 "BYPASS";
    .port_info 7 /INPUT 1 "RESETB";
    .port_info 8 /INPUT 1 "LATCHINPUTVALUE";
    .port_info 9 /OUTPUT 1 "SDO";
    .port_info 10 /INPUT 1 "SDI";
    .port_info 11 /INPUT 1 "SCLK";
P_0x55555ee4ae90 .param/str "DELAY_ADJUSTMENT_MODE_FEEDBACK" 0 2 2471, "FIXED";
P_0x55555ee4aed0 .param/str "DELAY_ADJUSTMENT_MODE_RELATIVE" 0 2 2472, "FIXED";
P_0x55555ee4af10 .param/l "DIVF" 0 2 2478, C4<0000000>;
P_0x55555ee4af50 .param/l "DIVQ" 0 2 2479, C4<000>;
P_0x55555ee4af90 .param/l "DIVR" 0 2 2477, C4<0000>;
P_0x55555ee4afd0 .param/l "ENABLE_ICEGATE" 0 2 2481, C4<0>;
P_0x55555ee4b010 .param/l "EXTERNAL_DIVIDE_FACTOR" 0 2 2483, +C4<00000000000000000000000000000001>;
P_0x55555ee4b050 .param/l "FDA_FEEDBACK" 0 2 2474, C4<0000>;
P_0x55555ee4b090 .param/l "FDA_RELATIVE" 0 2 2475, C4<0000>;
P_0x55555ee4b0d0 .param/str "FEEDBACK_PATH" 0 2 2470, "SIMPLE";
P_0x55555ee4b110 .param/l "FILTER_RANGE" 0 2 2480, C4<000>;
P_0x55555ee4b150 .param/str "PLLOUT_SELECT" 0 2 2476, "GENCLK";
P_0x55555ee4b190 .param/l "SHIFTREG_DIV_MODE" 0 2 2473, C4<0>;
P_0x55555ee4b1d0 .param/l "TEST_MODE" 0 2 2482, C4<0>;
o0x7f40769983d8 .functor BUFZ 1, C4<z>; HiZ drive
v0x55555f08afd0_0 .net "BYPASS", 0 0, o0x7f40769983d8;  0 drivers
o0x7f4076998408 .functor BUFZ 8, C4<zzzzzzzz>; HiZ drive
v0x55555f08b0b0_0 .net "DYNAMICDELAY", 7 0, o0x7f4076998408;  0 drivers
o0x7f4076998438 .functor BUFZ 1, C4<z>; HiZ drive
v0x55555f08b190_0 .net "EXTFEEDBACK", 0 0, o0x7f4076998438;  0 drivers
o0x7f4076998468 .functor BUFZ 1, C4<z>; HiZ drive
v0x55555f08b230_0 .net "LATCHINPUTVALUE", 0 0, o0x7f4076998468;  0 drivers
o0x7f4076998498 .functor BUFZ 1, C4<z>; HiZ drive
v0x55555f08b2f0_0 .net "LOCK", 0 0, o0x7f4076998498;  0 drivers
o0x7f40769984c8 .functor BUFZ 1, C4<z>; HiZ drive
v0x55555f08b3b0_0 .net "PACKAGEPIN", 0 0, o0x7f40769984c8;  0 drivers
o0x7f40769984f8 .functor BUFZ 1, C4<z>; HiZ drive
v0x55555f08b470_0 .net "PLLOUTCORE", 0 0, o0x7f40769984f8;  0 drivers
o0x7f4076998528 .functor BUFZ 1, C4<z>; HiZ drive
v0x55555f08b530_0 .net "PLLOUTGLOBAL", 0 0, o0x7f4076998528;  0 drivers
o0x7f4076998558 .functor BUFZ 1, C4<z>; HiZ drive
v0x55555f08b5f0_0 .net "RESETB", 0 0, o0x7f4076998558;  0 drivers
o0x7f4076998588 .functor BUFZ 1, C4<z>; HiZ drive
v0x55555f08b740_0 .net "SCLK", 0 0, o0x7f4076998588;  0 drivers
o0x7f40769985b8 .functor BUFZ 1, C4<z>; HiZ drive
v0x55555f08b800_0 .net "SDI", 0 0, o0x7f40769985b8;  0 drivers
o0x7f40769985e8 .functor BUFZ 1, C4<z>; HiZ drive
v0x55555f08b8c0_0 .net "SDO", 0 0, o0x7f40769985e8;  0 drivers
S_0x55555efe7270 .scope module, "SB_RAM40_4KNR" "SB_RAM40_4KNR" 2 1726;
 .timescale -12 -12;
    .port_info 0 /OUTPUT 16 "RDATA";
    .port_info 1 /INPUT 1 "RCLKN";
    .port_info 2 /INPUT 1 "RCLKE";
    .port_info 3 /INPUT 1 "RE";
    .port_info 4 /INPUT 11 "RADDR";
    .port_info 5 /INPUT 1 "WCLK";
    .port_info 6 /INPUT 1 "WCLKE";
    .port_info 7 /INPUT 1 "WE";
    .port_info 8 /INPUT 11 "WADDR";
    .port_info 9 /INPUT 16 "MASK";
    .port_info 10 /INPUT 16 "WDATA";
P_0x55555ef30e60 .param/l "INIT_0" 0 2 1742, C4<0000000000000000000000000000000000000000000000000000000000000000000000000000000000000000000000000000000000000000000000000000000000000000000000000000000000000000000000000000000000000000000000000000000000000000000000000000000000000000000000000000000000000000>;
P_0x55555ef30ea0 .param/l "INIT_1" 0 2 1743, C4<0000000000000000000000000000000000000000000000000000000000000000000000000000000000000000000000000000000000000000000000000000000000000000000000000000000000000000000000000000000000000000000000000000000000000000000000000000000000000000000000000000000000000000>;
P_0x55555ef30ee0 .param/l "INIT_2" 0 2 1744, C4<0000000000000000000000000000000000000000000000000000000000000000000000000000000000000000000000000000000000000000000000000000000000000000000000000000000000000000000000000000000000000000000000000000000000000000000000000000000000000000000000000000000000000000>;
P_0x55555ef30f20 .param/l "INIT_3" 0 2 1745, C4<0000000000000000000000000000000000000000000000000000000000000000000000000000000000000000000000000000000000000000000000000000000000000000000000000000000000000000000000000000000000000000000000000000000000000000000000000000000000000000000000000000000000000000>;
P_0x55555ef30f60 .param/l "INIT_4" 0 2 1746, C4<0000000000000000000000000000000000000000000000000000000000000000000000000000000000000000000000000000000000000000000000000000000000000000000000000000000000000000000000000000000000000000000000000000000000000000000000000000000000000000000000000000000000000000>;
P_0x55555ef30fa0 .param/l "INIT_5" 0 2 1747, C4<0000000000000000000000000000000000000000000000000000000000000000000000000000000000000000000000000000000000000000000000000000000000000000000000000000000000000000000000000000000000000000000000000000000000000000000000000000000000000000000000000000000000000000>;
P_0x55555ef30fe0 .param/l "INIT_6" 0 2 1748, C4<0000000000000000000000000000000000000000000000000000000000000000000000000000000000000000000000000000000000000000000000000000000000000000000000000000000000000000000000000000000000000000000000000000000000000000000000000000000000000000000000000000000000000000>;
P_0x55555ef31020 .param/l "INIT_7" 0 2 1749, C4<0000000000000000000000000000000000000000000000000000000000000000000000000000000000000000000000000000000000000000000000000000000000000000000000000000000000000000000000000000000000000000000000000000000000000000000000000000000000000000000000000000000000000000>;
P_0x55555ef31060 .param/l "INIT_8" 0 2 1750, C4<0000000000000000000000000000000000000000000000000000000000000000000000000000000000000000000000000000000000000000000000000000000000000000000000000000000000000000000000000000000000000000000000000000000000000000000000000000000000000000000000000000000000000000>;
P_0x55555ef310a0 .param/l "INIT_9" 0 2 1751, C4<0000000000000000000000000000000000000000000000000000000000000000000000000000000000000000000000000000000000000000000000000000000000000000000000000000000000000000000000000000000000000000000000000000000000000000000000000000000000000000000000000000000000000000>;
P_0x55555ef310e0 .param/l "INIT_A" 0 2 1752, C4<0000000000000000000000000000000000000000000000000000000000000000000000000000000000000000000000000000000000000000000000000000000000000000000000000000000000000000000000000000000000000000000000000000000000000000000000000000000000000000000000000000000000000000>;
P_0x55555ef31120 .param/l "INIT_B" 0 2 1753, C4<0000000000000000000000000000000000000000000000000000000000000000000000000000000000000000000000000000000000000000000000000000000000000000000000000000000000000000000000000000000000000000000000000000000000000000000000000000000000000000000000000000000000000000>;
P_0x55555ef31160 .param/l "INIT_C" 0 2 1754, C4<0000000000000000000000000000000000000000000000000000000000000000000000000000000000000000000000000000000000000000000000000000000000000000000000000000000000000000000000000000000000000000000000000000000000000000000000000000000000000000000000000000000000000000>;
P_0x55555ef311a0 .param/l "INIT_D" 0 2 1755, C4<0000000000000000000000000000000000000000000000000000000000000000000000000000000000000000000000000000000000000000000000000000000000000000000000000000000000000000000000000000000000000000000000000000000000000000000000000000000000000000000000000000000000000000>;
P_0x55555ef311e0 .param/l "INIT_E" 0 2 1756, C4<0000000000000000000000000000000000000000000000000000000000000000000000000000000000000000000000000000000000000000000000000000000000000000000000000000000000000000000000000000000000000000000000000000000000000000000000000000000000000000000000000000000000000000>;
P_0x55555ef31220 .param/l "INIT_F" 0 2 1757, C4<0000000000000000000000000000000000000000000000000000000000000000000000000000000000000000000000000000000000000000000000000000000000000000000000000000000000000000000000000000000000000000000000000000000000000000000000000000000000000000000000000000000000000000>;
P_0x55555ef31260 .param/str "INIT_FILE" 0 2 1759, "\000";
P_0x55555ef312a0 .param/l "READ_MODE" 0 2 1740, +C4<00000000000000000000000000000000>;
P_0x55555ef312e0 .param/l "WRITE_MODE" 0 2 1739, +C4<00000000000000000000000000000000>;
o0x7f4076998d68 .functor BUFZ 1, C4<z>; HiZ drive
L_0x55555f0c0f30 .functor NOT 1, o0x7f4076998d68, C4<0>, C4<0>, C4<0>;
o0x7f4076998858 .functor BUFZ 16, C4<zzzzzzzzzzzzzzzz>; HiZ drive
v0x55555f08f220_0 .net "MASK", 15 0, o0x7f4076998858;  0 drivers
o0x7f4076998888 .functor BUFZ 11, C4<zzzzzzzzzzz>; HiZ drive
v0x55555f08f300_0 .net "RADDR", 10 0, o0x7f4076998888;  0 drivers
o0x7f40769988e8 .functor BUFZ 1, C4<z>; HiZ drive
v0x55555f08f3d0_0 .net "RCLKE", 0 0, o0x7f40769988e8;  0 drivers
v0x55555f08f4d0_0 .net "RCLKN", 0 0, o0x7f4076998d68;  0 drivers
v0x55555f08f570_0 .net "RDATA", 15 0, L_0x55555f0c0e70;  1 drivers
o0x7f4076998978 .functor BUFZ 1, C4<z>; HiZ drive
v0x55555f08f610_0 .net "RE", 0 0, o0x7f4076998978;  0 drivers
o0x7f40769989d8 .functor BUFZ 11, C4<zzzzzzzzzzz>; HiZ drive
v0x55555f08f6e0_0 .net "WADDR", 10 0, o0x7f40769989d8;  0 drivers
o0x7f4076998a08 .functor BUFZ 1, C4<z>; HiZ drive
v0x55555f08f7b0_0 .net "WCLK", 0 0, o0x7f4076998a08;  0 drivers
o0x7f4076998a38 .functor BUFZ 1, C4<z>; HiZ drive
v0x55555f08f880_0 .net "WCLKE", 0 0, o0x7f4076998a38;  0 drivers
o0x7f4076998a68 .functor BUFZ 16, C4<zzzzzzzzzzzzzzzz>; HiZ drive
v0x55555f08f950_0 .net "WDATA", 15 0, o0x7f4076998a68;  0 drivers
o0x7f4076998ac8 .functor BUFZ 1, C4<z>; HiZ drive
v0x55555f08fa20_0 .net "WE", 0 0, o0x7f4076998ac8;  0 drivers
S_0x55555f08bb00 .scope module, "RAM" "SB_RAM40_4K" 2 1781, 2 1487 0, S_0x55555efe7270;
 .timescale -12 -12;
    .port_info 0 /OUTPUT 16 "RDATA";
    .port_info 1 /INPUT 1 "RCLK";
    .port_info 2 /INPUT 1 "RCLKE";
    .port_info 3 /INPUT 1 "RE";
    .port_info 4 /INPUT 11 "RADDR";
    .port_info 5 /INPUT 1 "WCLK";
    .port_info 6 /INPUT 1 "WCLKE";
    .port_info 7 /INPUT 1 "WE";
    .port_info 8 /INPUT 11 "WADDR";
    .port_info 9 /INPUT 16 "MASK";
    .port_info 10 /INPUT 16 "WDATA";
P_0x55555f08bcb0 .param/l "INIT_0" 0 2 1507, C4<0000000000000000000000000000000000000000000000000000000000000000000000000000000000000000000000000000000000000000000000000000000000000000000000000000000000000000000000000000000000000000000000000000000000000000000000000000000000000000000000000000000000000000>;
P_0x55555f08bcf0 .param/l "INIT_1" 0 2 1508, C4<0000000000000000000000000000000000000000000000000000000000000000000000000000000000000000000000000000000000000000000000000000000000000000000000000000000000000000000000000000000000000000000000000000000000000000000000000000000000000000000000000000000000000000>;
P_0x55555f08bd30 .param/l "INIT_2" 0 2 1509, C4<0000000000000000000000000000000000000000000000000000000000000000000000000000000000000000000000000000000000000000000000000000000000000000000000000000000000000000000000000000000000000000000000000000000000000000000000000000000000000000000000000000000000000000>;
P_0x55555f08bd70 .param/l "INIT_3" 0 2 1510, C4<0000000000000000000000000000000000000000000000000000000000000000000000000000000000000000000000000000000000000000000000000000000000000000000000000000000000000000000000000000000000000000000000000000000000000000000000000000000000000000000000000000000000000000>;
P_0x55555f08bdb0 .param/l "INIT_4" 0 2 1511, C4<0000000000000000000000000000000000000000000000000000000000000000000000000000000000000000000000000000000000000000000000000000000000000000000000000000000000000000000000000000000000000000000000000000000000000000000000000000000000000000000000000000000000000000>;
P_0x55555f08bdf0 .param/l "INIT_5" 0 2 1512, C4<0000000000000000000000000000000000000000000000000000000000000000000000000000000000000000000000000000000000000000000000000000000000000000000000000000000000000000000000000000000000000000000000000000000000000000000000000000000000000000000000000000000000000000>;
P_0x55555f08be30 .param/l "INIT_6" 0 2 1513, C4<0000000000000000000000000000000000000000000000000000000000000000000000000000000000000000000000000000000000000000000000000000000000000000000000000000000000000000000000000000000000000000000000000000000000000000000000000000000000000000000000000000000000000000>;
P_0x55555f08be70 .param/l "INIT_7" 0 2 1514, C4<0000000000000000000000000000000000000000000000000000000000000000000000000000000000000000000000000000000000000000000000000000000000000000000000000000000000000000000000000000000000000000000000000000000000000000000000000000000000000000000000000000000000000000>;
P_0x55555f08beb0 .param/l "INIT_8" 0 2 1515, C4<0000000000000000000000000000000000000000000000000000000000000000000000000000000000000000000000000000000000000000000000000000000000000000000000000000000000000000000000000000000000000000000000000000000000000000000000000000000000000000000000000000000000000000>;
P_0x55555f08bef0 .param/l "INIT_9" 0 2 1516, C4<0000000000000000000000000000000000000000000000000000000000000000000000000000000000000000000000000000000000000000000000000000000000000000000000000000000000000000000000000000000000000000000000000000000000000000000000000000000000000000000000000000000000000000>;
P_0x55555f08bf30 .param/l "INIT_A" 0 2 1517, C4<0000000000000000000000000000000000000000000000000000000000000000000000000000000000000000000000000000000000000000000000000000000000000000000000000000000000000000000000000000000000000000000000000000000000000000000000000000000000000000000000000000000000000000>;
P_0x55555f08bf70 .param/l "INIT_B" 0 2 1518, C4<0000000000000000000000000000000000000000000000000000000000000000000000000000000000000000000000000000000000000000000000000000000000000000000000000000000000000000000000000000000000000000000000000000000000000000000000000000000000000000000000000000000000000000>;
P_0x55555f08bfb0 .param/l "INIT_C" 0 2 1519, C4<0000000000000000000000000000000000000000000000000000000000000000000000000000000000000000000000000000000000000000000000000000000000000000000000000000000000000000000000000000000000000000000000000000000000000000000000000000000000000000000000000000000000000000>;
P_0x55555f08bff0 .param/l "INIT_D" 0 2 1520, C4<0000000000000000000000000000000000000000000000000000000000000000000000000000000000000000000000000000000000000000000000000000000000000000000000000000000000000000000000000000000000000000000000000000000000000000000000000000000000000000000000000000000000000000>;
P_0x55555f08c030 .param/l "INIT_E" 0 2 1521, C4<0000000000000000000000000000000000000000000000000000000000000000000000000000000000000000000000000000000000000000000000000000000000000000000000000000000000000000000000000000000000000000000000000000000000000000000000000000000000000000000000000000000000000000>;
P_0x55555f08c070 .param/l "INIT_F" 0 2 1522, C4<0000000000000000000000000000000000000000000000000000000000000000000000000000000000000000000000000000000000000000000000000000000000000000000000000000000000000000000000000000000000000000000000000000000000000000000000000000000000000000000000000000000000000000>;
P_0x55555f08c0b0 .param/str "INIT_FILE" 0 2 1524, "\000";
P_0x55555f08c0f0 .param/l "READ_MODE" 0 2 1505, +C4<00000000000000000000000000000000>;
P_0x55555f08c130 .param/l "WRITE_MODE" 0 2 1504, +C4<00000000000000000000000000000000>;
v0x55555f08e110_0 .net "MASK", 15 0, o0x7f4076998858;  alias, 0 drivers
v0x55555f08e1d0_0 .net "RADDR", 10 0, o0x7f4076998888;  alias, 0 drivers
v0x55555f08e2b0_0 .net "RCLK", 0 0, L_0x55555f0c0f30;  1 drivers
v0x55555f08e380_0 .net "RCLKE", 0 0, o0x7f40769988e8;  alias, 0 drivers
v0x55555f08e440_0 .net "RDATA", 15 0, L_0x55555f0c0e70;  alias, 1 drivers
v0x55555f08e570_0 .var "RDATA_I", 15 0;
v0x55555f08e650_0 .net "RE", 0 0, o0x7f4076998978;  alias, 0 drivers
L_0x7f4076943b10 .functor BUFT 1, C4<0000000000000000>, C4<0>, C4<0>, C4<0>;
v0x55555f08e710_0 .net "RMASK_I", 15 0, L_0x7f4076943b10;  1 drivers
v0x55555f08e7f0_0 .net "WADDR", 10 0, o0x7f40769989d8;  alias, 0 drivers
v0x55555f08e8d0_0 .net "WCLK", 0 0, o0x7f4076998a08;  alias, 0 drivers
v0x55555f08e990_0 .net "WCLKE", 0 0, o0x7f4076998a38;  alias, 0 drivers
v0x55555f08ea50_0 .net "WDATA", 15 0, o0x7f4076998a68;  alias, 0 drivers
v0x55555f08eb30_0 .net "WDATA_I", 15 0, L_0x55555f0c0db0;  1 drivers
v0x55555f08ec10_0 .net "WE", 0 0, o0x7f4076998ac8;  alias, 0 drivers
v0x55555f08ecd0_0 .net "WMASK_I", 15 0, L_0x55555f0c0cf0;  1 drivers
v0x55555f08edb0_0 .var/i "i", 31 0;
v0x55555f08ee90 .array "memory", 255 0, 15 0;
E_0x55555f08d840 .event posedge, v0x55555f08e2b0_0;
E_0x55555f08d8c0 .event posedge, v0x55555f08e8d0_0;
S_0x55555f08d920 .scope generate, "genblk1" "genblk1" 2 1534, 2 1534 0, S_0x55555f08bb00;
 .timescale -12 -12;
L_0x55555f0c0cf0 .functor BUFZ 16, o0x7f4076998858, C4<0000000000000000>, C4<0000000000000000>, C4<0000000000000000>;
S_0x55555f08db20 .scope generate, "genblk2" "genblk2" 2 1555, 2 1555 0, S_0x55555f08bb00;
 .timescale -12 -12;
S_0x55555f08dd20 .scope generate, "genblk3" "genblk3" 2 1576, 2 1576 0, S_0x55555f08bb00;
 .timescale -12 -12;
L_0x55555f0c0db0 .functor BUFZ 16, o0x7f4076998a68, C4<0000000000000000>, C4<0000000000000000>, C4<0000000000000000>;
S_0x55555f08df30 .scope generate, "genblk4" "genblk4" 2 1595, 2 1595 0, S_0x55555f08bb00;
 .timescale -12 -12;
L_0x55555f0c0e70 .functor BUFZ 16, v0x55555f08e570_0, C4<0000000000000000>, C4<0000000000000000>, C4<0000000000000000>;
S_0x55555efcdb20 .scope module, "SB_RAM40_4KNRNW" "SB_RAM40_4KNRNW" 2 1998;
 .timescale -12 -12;
    .port_info 0 /OUTPUT 16 "RDATA";
    .port_info 1 /INPUT 1 "RCLKN";
    .port_info 2 /INPUT 1 "RCLKE";
    .port_info 3 /INPUT 1 "RE";
    .port_info 4 /INPUT 11 "RADDR";
    .port_info 5 /INPUT 1 "WCLKN";
    .port_info 6 /INPUT 1 "WCLKE";
    .port_info 7 /INPUT 1 "WE";
    .port_info 8 /INPUT 11 "WADDR";
    .port_info 9 /INPUT 16 "MASK";
    .port_info 10 /INPUT 16 "WDATA";
P_0x55555eeb6f00 .param/l "INIT_0" 0 2 2014, C4<0000000000000000000000000000000000000000000000000000000000000000000000000000000000000000000000000000000000000000000000000000000000000000000000000000000000000000000000000000000000000000000000000000000000000000000000000000000000000000000000000000000000000000>;
P_0x55555eeb6f40 .param/l "INIT_1" 0 2 2015, C4<0000000000000000000000000000000000000000000000000000000000000000000000000000000000000000000000000000000000000000000000000000000000000000000000000000000000000000000000000000000000000000000000000000000000000000000000000000000000000000000000000000000000000000>;
P_0x55555eeb6f80 .param/l "INIT_2" 0 2 2016, C4<0000000000000000000000000000000000000000000000000000000000000000000000000000000000000000000000000000000000000000000000000000000000000000000000000000000000000000000000000000000000000000000000000000000000000000000000000000000000000000000000000000000000000000>;
P_0x55555eeb6fc0 .param/l "INIT_3" 0 2 2017, C4<0000000000000000000000000000000000000000000000000000000000000000000000000000000000000000000000000000000000000000000000000000000000000000000000000000000000000000000000000000000000000000000000000000000000000000000000000000000000000000000000000000000000000000>;
P_0x55555eeb7000 .param/l "INIT_4" 0 2 2018, C4<0000000000000000000000000000000000000000000000000000000000000000000000000000000000000000000000000000000000000000000000000000000000000000000000000000000000000000000000000000000000000000000000000000000000000000000000000000000000000000000000000000000000000000>;
P_0x55555eeb7040 .param/l "INIT_5" 0 2 2019, C4<0000000000000000000000000000000000000000000000000000000000000000000000000000000000000000000000000000000000000000000000000000000000000000000000000000000000000000000000000000000000000000000000000000000000000000000000000000000000000000000000000000000000000000>;
P_0x55555eeb7080 .param/l "INIT_6" 0 2 2020, C4<0000000000000000000000000000000000000000000000000000000000000000000000000000000000000000000000000000000000000000000000000000000000000000000000000000000000000000000000000000000000000000000000000000000000000000000000000000000000000000000000000000000000000000>;
P_0x55555eeb70c0 .param/l "INIT_7" 0 2 2021, C4<0000000000000000000000000000000000000000000000000000000000000000000000000000000000000000000000000000000000000000000000000000000000000000000000000000000000000000000000000000000000000000000000000000000000000000000000000000000000000000000000000000000000000000>;
P_0x55555eeb7100 .param/l "INIT_8" 0 2 2022, C4<0000000000000000000000000000000000000000000000000000000000000000000000000000000000000000000000000000000000000000000000000000000000000000000000000000000000000000000000000000000000000000000000000000000000000000000000000000000000000000000000000000000000000000>;
P_0x55555eeb7140 .param/l "INIT_9" 0 2 2023, C4<0000000000000000000000000000000000000000000000000000000000000000000000000000000000000000000000000000000000000000000000000000000000000000000000000000000000000000000000000000000000000000000000000000000000000000000000000000000000000000000000000000000000000000>;
P_0x55555eeb7180 .param/l "INIT_A" 0 2 2024, C4<0000000000000000000000000000000000000000000000000000000000000000000000000000000000000000000000000000000000000000000000000000000000000000000000000000000000000000000000000000000000000000000000000000000000000000000000000000000000000000000000000000000000000000>;
P_0x55555eeb71c0 .param/l "INIT_B" 0 2 2025, C4<0000000000000000000000000000000000000000000000000000000000000000000000000000000000000000000000000000000000000000000000000000000000000000000000000000000000000000000000000000000000000000000000000000000000000000000000000000000000000000000000000000000000000000>;
P_0x55555eeb7200 .param/l "INIT_C" 0 2 2026, C4<0000000000000000000000000000000000000000000000000000000000000000000000000000000000000000000000000000000000000000000000000000000000000000000000000000000000000000000000000000000000000000000000000000000000000000000000000000000000000000000000000000000000000000>;
P_0x55555eeb7240 .param/l "INIT_D" 0 2 2027, C4<0000000000000000000000000000000000000000000000000000000000000000000000000000000000000000000000000000000000000000000000000000000000000000000000000000000000000000000000000000000000000000000000000000000000000000000000000000000000000000000000000000000000000000>;
P_0x55555eeb7280 .param/l "INIT_E" 0 2 2028, C4<0000000000000000000000000000000000000000000000000000000000000000000000000000000000000000000000000000000000000000000000000000000000000000000000000000000000000000000000000000000000000000000000000000000000000000000000000000000000000000000000000000000000000000>;
P_0x55555eeb72c0 .param/l "INIT_F" 0 2 2029, C4<0000000000000000000000000000000000000000000000000000000000000000000000000000000000000000000000000000000000000000000000000000000000000000000000000000000000000000000000000000000000000000000000000000000000000000000000000000000000000000000000000000000000000000>;
P_0x55555eeb7300 .param/str "INIT_FILE" 0 2 2031, "\000";
P_0x55555eeb7340 .param/l "READ_MODE" 0 2 2012, +C4<00000000000000000000000000000000>;
P_0x55555eeb7380 .param/l "WRITE_MODE" 0 2 2011, +C4<00000000000000000000000000000000>;
o0x7f40769994b8 .functor BUFZ 1, C4<z>; HiZ drive
L_0x55555f0c1210 .functor NOT 1, o0x7f40769994b8, C4<0>, C4<0>, C4<0>;
o0x7f40769994e8 .functor BUFZ 1, C4<z>; HiZ drive
L_0x55555f0c12b0 .functor NOT 1, o0x7f40769994e8, C4<0>, C4<0>, C4<0>;
o0x7f4076998fa8 .functor BUFZ 16, C4<zzzzzzzzzzzzzzzz>; HiZ drive
v0x55555f0933f0_0 .net "MASK", 15 0, o0x7f4076998fa8;  0 drivers
o0x7f4076998fd8 .functor BUFZ 11, C4<zzzzzzzzzzz>; HiZ drive
v0x55555f0934d0_0 .net "RADDR", 10 0, o0x7f4076998fd8;  0 drivers
o0x7f4076999038 .functor BUFZ 1, C4<z>; HiZ drive
v0x55555f0935a0_0 .net "RCLKE", 0 0, o0x7f4076999038;  0 drivers
v0x55555f0936a0_0 .net "RCLKN", 0 0, o0x7f40769994b8;  0 drivers
v0x55555f093740_0 .net "RDATA", 15 0, L_0x55555f0c1150;  1 drivers
o0x7f40769990c8 .functor BUFZ 1, C4<z>; HiZ drive
v0x55555f0937e0_0 .net "RE", 0 0, o0x7f40769990c8;  0 drivers
o0x7f4076999128 .functor BUFZ 11, C4<zzzzzzzzzzz>; HiZ drive
v0x55555f0938b0_0 .net "WADDR", 10 0, o0x7f4076999128;  0 drivers
o0x7f4076999188 .functor BUFZ 1, C4<z>; HiZ drive
v0x55555f093980_0 .net "WCLKE", 0 0, o0x7f4076999188;  0 drivers
v0x55555f093a50_0 .net "WCLKN", 0 0, o0x7f40769994e8;  0 drivers
o0x7f40769991b8 .functor BUFZ 16, C4<zzzzzzzzzzzzzzzz>; HiZ drive
v0x55555f093af0_0 .net "WDATA", 15 0, o0x7f40769991b8;  0 drivers
o0x7f4076999218 .functor BUFZ 1, C4<z>; HiZ drive
v0x55555f093bc0_0 .net "WE", 0 0, o0x7f4076999218;  0 drivers
S_0x55555f08fb90 .scope module, "RAM" "SB_RAM40_4K" 2 2053, 2 1487 0, S_0x55555efcdb20;
 .timescale -12 -12;
    .port_info 0 /OUTPUT 16 "RDATA";
    .port_info 1 /INPUT 1 "RCLK";
    .port_info 2 /INPUT 1 "RCLKE";
    .port_info 3 /INPUT 1 "RE";
    .port_info 4 /INPUT 11 "RADDR";
    .port_info 5 /INPUT 1 "WCLK";
    .port_info 6 /INPUT 1 "WCLKE";
    .port_info 7 /INPUT 1 "WE";
    .port_info 8 /INPUT 11 "WADDR";
    .port_info 9 /INPUT 16 "MASK";
    .port_info 10 /INPUT 16 "WDATA";
P_0x55555f08fd40 .param/l "INIT_0" 0 2 1507, C4<0000000000000000000000000000000000000000000000000000000000000000000000000000000000000000000000000000000000000000000000000000000000000000000000000000000000000000000000000000000000000000000000000000000000000000000000000000000000000000000000000000000000000000>;
P_0x55555f08fd80 .param/l "INIT_1" 0 2 1508, C4<0000000000000000000000000000000000000000000000000000000000000000000000000000000000000000000000000000000000000000000000000000000000000000000000000000000000000000000000000000000000000000000000000000000000000000000000000000000000000000000000000000000000000000>;
P_0x55555f08fdc0 .param/l "INIT_2" 0 2 1509, C4<0000000000000000000000000000000000000000000000000000000000000000000000000000000000000000000000000000000000000000000000000000000000000000000000000000000000000000000000000000000000000000000000000000000000000000000000000000000000000000000000000000000000000000>;
P_0x55555f08fe00 .param/l "INIT_3" 0 2 1510, C4<0000000000000000000000000000000000000000000000000000000000000000000000000000000000000000000000000000000000000000000000000000000000000000000000000000000000000000000000000000000000000000000000000000000000000000000000000000000000000000000000000000000000000000>;
P_0x55555f08fe40 .param/l "INIT_4" 0 2 1511, C4<0000000000000000000000000000000000000000000000000000000000000000000000000000000000000000000000000000000000000000000000000000000000000000000000000000000000000000000000000000000000000000000000000000000000000000000000000000000000000000000000000000000000000000>;
P_0x55555f08fe80 .param/l "INIT_5" 0 2 1512, C4<0000000000000000000000000000000000000000000000000000000000000000000000000000000000000000000000000000000000000000000000000000000000000000000000000000000000000000000000000000000000000000000000000000000000000000000000000000000000000000000000000000000000000000>;
P_0x55555f08fec0 .param/l "INIT_6" 0 2 1513, C4<0000000000000000000000000000000000000000000000000000000000000000000000000000000000000000000000000000000000000000000000000000000000000000000000000000000000000000000000000000000000000000000000000000000000000000000000000000000000000000000000000000000000000000>;
P_0x55555f08ff00 .param/l "INIT_7" 0 2 1514, C4<0000000000000000000000000000000000000000000000000000000000000000000000000000000000000000000000000000000000000000000000000000000000000000000000000000000000000000000000000000000000000000000000000000000000000000000000000000000000000000000000000000000000000000>;
P_0x55555f08ff40 .param/l "INIT_8" 0 2 1515, C4<0000000000000000000000000000000000000000000000000000000000000000000000000000000000000000000000000000000000000000000000000000000000000000000000000000000000000000000000000000000000000000000000000000000000000000000000000000000000000000000000000000000000000000>;
P_0x55555f08ff80 .param/l "INIT_9" 0 2 1516, C4<0000000000000000000000000000000000000000000000000000000000000000000000000000000000000000000000000000000000000000000000000000000000000000000000000000000000000000000000000000000000000000000000000000000000000000000000000000000000000000000000000000000000000000>;
P_0x55555f08ffc0 .param/l "INIT_A" 0 2 1517, C4<0000000000000000000000000000000000000000000000000000000000000000000000000000000000000000000000000000000000000000000000000000000000000000000000000000000000000000000000000000000000000000000000000000000000000000000000000000000000000000000000000000000000000000>;
P_0x55555f090000 .param/l "INIT_B" 0 2 1518, C4<0000000000000000000000000000000000000000000000000000000000000000000000000000000000000000000000000000000000000000000000000000000000000000000000000000000000000000000000000000000000000000000000000000000000000000000000000000000000000000000000000000000000000000>;
P_0x55555f090040 .param/l "INIT_C" 0 2 1519, C4<0000000000000000000000000000000000000000000000000000000000000000000000000000000000000000000000000000000000000000000000000000000000000000000000000000000000000000000000000000000000000000000000000000000000000000000000000000000000000000000000000000000000000000>;
P_0x55555f090080 .param/l "INIT_D" 0 2 1520, C4<0000000000000000000000000000000000000000000000000000000000000000000000000000000000000000000000000000000000000000000000000000000000000000000000000000000000000000000000000000000000000000000000000000000000000000000000000000000000000000000000000000000000000000>;
P_0x55555f0900c0 .param/l "INIT_E" 0 2 1521, C4<0000000000000000000000000000000000000000000000000000000000000000000000000000000000000000000000000000000000000000000000000000000000000000000000000000000000000000000000000000000000000000000000000000000000000000000000000000000000000000000000000000000000000000>;
P_0x55555f090100 .param/l "INIT_F" 0 2 1522, C4<0000000000000000000000000000000000000000000000000000000000000000000000000000000000000000000000000000000000000000000000000000000000000000000000000000000000000000000000000000000000000000000000000000000000000000000000000000000000000000000000000000000000000000>;
P_0x55555f090140 .param/str "INIT_FILE" 0 2 1524, "\000";
P_0x55555f090180 .param/l "READ_MODE" 0 2 1505, +C4<00000000000000000000000000000000>;
P_0x55555f0901c0 .param/l "WRITE_MODE" 0 2 1504, +C4<00000000000000000000000000000000>;
v0x55555f0922e0_0 .net "MASK", 15 0, o0x7f4076998fa8;  alias, 0 drivers
v0x55555f0923a0_0 .net "RADDR", 10 0, o0x7f4076998fd8;  alias, 0 drivers
v0x55555f092480_0 .net "RCLK", 0 0, L_0x55555f0c1210;  1 drivers
v0x55555f092550_0 .net "RCLKE", 0 0, o0x7f4076999038;  alias, 0 drivers
v0x55555f092610_0 .net "RDATA", 15 0, L_0x55555f0c1150;  alias, 1 drivers
v0x55555f092740_0 .var "RDATA_I", 15 0;
v0x55555f092820_0 .net "RE", 0 0, o0x7f40769990c8;  alias, 0 drivers
L_0x7f4076943b58 .functor BUFT 1, C4<0000000000000000>, C4<0>, C4<0>, C4<0>;
v0x55555f0928e0_0 .net "RMASK_I", 15 0, L_0x7f4076943b58;  1 drivers
v0x55555f0929c0_0 .net "WADDR", 10 0, o0x7f4076999128;  alias, 0 drivers
v0x55555f092aa0_0 .net "WCLK", 0 0, L_0x55555f0c12b0;  1 drivers
v0x55555f092b60_0 .net "WCLKE", 0 0, o0x7f4076999188;  alias, 0 drivers
v0x55555f092c20_0 .net "WDATA", 15 0, o0x7f40769991b8;  alias, 0 drivers
v0x55555f092d00_0 .net "WDATA_I", 15 0, L_0x55555f0c1060;  1 drivers
v0x55555f092de0_0 .net "WE", 0 0, o0x7f4076999218;  alias, 0 drivers
v0x55555f092ea0_0 .net "WMASK_I", 15 0, L_0x55555f0c0fa0;  1 drivers
v0x55555f092f80_0 .var/i "i", 31 0;
v0x55555f093060 .array "memory", 255 0, 15 0;
E_0x55555f091a10 .event posedge, v0x55555f092480_0;
E_0x55555f091a90 .event posedge, v0x55555f092aa0_0;
S_0x55555f091af0 .scope generate, "genblk1" "genblk1" 2 1534, 2 1534 0, S_0x55555f08fb90;
 .timescale -12 -12;
L_0x55555f0c0fa0 .functor BUFZ 16, o0x7f4076998fa8, C4<0000000000000000>, C4<0000000000000000>, C4<0000000000000000>;
S_0x55555f091cf0 .scope generate, "genblk2" "genblk2" 2 1555, 2 1555 0, S_0x55555f08fb90;
 .timescale -12 -12;
S_0x55555f091ef0 .scope generate, "genblk3" "genblk3" 2 1576, 2 1576 0, S_0x55555f08fb90;
 .timescale -12 -12;
L_0x55555f0c1060 .functor BUFZ 16, o0x7f40769991b8, C4<0000000000000000>, C4<0000000000000000>, C4<0000000000000000>;
S_0x55555f092100 .scope generate, "genblk4" "genblk4" 2 1595, 2 1595 0, S_0x55555f08fb90;
 .timescale -12 -12;
L_0x55555f0c1150 .functor BUFZ 16, v0x55555f092740_0, C4<0000000000000000>, C4<0000000000000000>, C4<0000000000000000>;
S_0x55555eec2080 .scope module, "SB_RAM40_4KNW" "SB_RAM40_4KNW" 2 1862;
 .timescale -12 -12;
    .port_info 0 /OUTPUT 16 "RDATA";
    .port_info 1 /INPUT 1 "RCLK";
    .port_info 2 /INPUT 1 "RCLKE";
    .port_info 3 /INPUT 1 "RE";
    .port_info 4 /INPUT 11 "RADDR";
    .port_info 5 /INPUT 1 "WCLKN";
    .port_info 6 /INPUT 1 "WCLKE";
    .port_info 7 /INPUT 1 "WE";
    .port_info 8 /INPUT 11 "WADDR";
    .port_info 9 /INPUT 16 "MASK";
    .port_info 10 /INPUT 16 "WDATA";
P_0x55555eea6ee0 .param/l "INIT_0" 0 2 1878, C4<0000000000000000000000000000000000000000000000000000000000000000000000000000000000000000000000000000000000000000000000000000000000000000000000000000000000000000000000000000000000000000000000000000000000000000000000000000000000000000000000000000000000000000>;
P_0x55555eea6f20 .param/l "INIT_1" 0 2 1879, C4<0000000000000000000000000000000000000000000000000000000000000000000000000000000000000000000000000000000000000000000000000000000000000000000000000000000000000000000000000000000000000000000000000000000000000000000000000000000000000000000000000000000000000000>;
P_0x55555eea6f60 .param/l "INIT_2" 0 2 1880, C4<0000000000000000000000000000000000000000000000000000000000000000000000000000000000000000000000000000000000000000000000000000000000000000000000000000000000000000000000000000000000000000000000000000000000000000000000000000000000000000000000000000000000000000>;
P_0x55555eea6fa0 .param/l "INIT_3" 0 2 1881, C4<0000000000000000000000000000000000000000000000000000000000000000000000000000000000000000000000000000000000000000000000000000000000000000000000000000000000000000000000000000000000000000000000000000000000000000000000000000000000000000000000000000000000000000>;
P_0x55555eea6fe0 .param/l "INIT_4" 0 2 1882, C4<0000000000000000000000000000000000000000000000000000000000000000000000000000000000000000000000000000000000000000000000000000000000000000000000000000000000000000000000000000000000000000000000000000000000000000000000000000000000000000000000000000000000000000>;
P_0x55555eea7020 .param/l "INIT_5" 0 2 1883, C4<0000000000000000000000000000000000000000000000000000000000000000000000000000000000000000000000000000000000000000000000000000000000000000000000000000000000000000000000000000000000000000000000000000000000000000000000000000000000000000000000000000000000000000>;
P_0x55555eea7060 .param/l "INIT_6" 0 2 1884, C4<0000000000000000000000000000000000000000000000000000000000000000000000000000000000000000000000000000000000000000000000000000000000000000000000000000000000000000000000000000000000000000000000000000000000000000000000000000000000000000000000000000000000000000>;
P_0x55555eea70a0 .param/l "INIT_7" 0 2 1885, C4<0000000000000000000000000000000000000000000000000000000000000000000000000000000000000000000000000000000000000000000000000000000000000000000000000000000000000000000000000000000000000000000000000000000000000000000000000000000000000000000000000000000000000000>;
P_0x55555eea70e0 .param/l "INIT_8" 0 2 1886, C4<0000000000000000000000000000000000000000000000000000000000000000000000000000000000000000000000000000000000000000000000000000000000000000000000000000000000000000000000000000000000000000000000000000000000000000000000000000000000000000000000000000000000000000>;
P_0x55555eea7120 .param/l "INIT_9" 0 2 1887, C4<0000000000000000000000000000000000000000000000000000000000000000000000000000000000000000000000000000000000000000000000000000000000000000000000000000000000000000000000000000000000000000000000000000000000000000000000000000000000000000000000000000000000000000>;
P_0x55555eea7160 .param/l "INIT_A" 0 2 1888, C4<0000000000000000000000000000000000000000000000000000000000000000000000000000000000000000000000000000000000000000000000000000000000000000000000000000000000000000000000000000000000000000000000000000000000000000000000000000000000000000000000000000000000000000>;
P_0x55555eea71a0 .param/l "INIT_B" 0 2 1889, C4<0000000000000000000000000000000000000000000000000000000000000000000000000000000000000000000000000000000000000000000000000000000000000000000000000000000000000000000000000000000000000000000000000000000000000000000000000000000000000000000000000000000000000000>;
P_0x55555eea71e0 .param/l "INIT_C" 0 2 1890, C4<0000000000000000000000000000000000000000000000000000000000000000000000000000000000000000000000000000000000000000000000000000000000000000000000000000000000000000000000000000000000000000000000000000000000000000000000000000000000000000000000000000000000000000>;
P_0x55555eea7220 .param/l "INIT_D" 0 2 1891, C4<0000000000000000000000000000000000000000000000000000000000000000000000000000000000000000000000000000000000000000000000000000000000000000000000000000000000000000000000000000000000000000000000000000000000000000000000000000000000000000000000000000000000000000>;
P_0x55555eea7260 .param/l "INIT_E" 0 2 1892, C4<0000000000000000000000000000000000000000000000000000000000000000000000000000000000000000000000000000000000000000000000000000000000000000000000000000000000000000000000000000000000000000000000000000000000000000000000000000000000000000000000000000000000000000>;
P_0x55555eea72a0 .param/l "INIT_F" 0 2 1893, C4<0000000000000000000000000000000000000000000000000000000000000000000000000000000000000000000000000000000000000000000000000000000000000000000000000000000000000000000000000000000000000000000000000000000000000000000000000000000000000000000000000000000000000000>;
P_0x55555eea72e0 .param/str "INIT_FILE" 0 2 1895, "\000";
P_0x55555eea7320 .param/l "READ_MODE" 0 2 1876, +C4<00000000000000000000000000000000>;
P_0x55555eea7360 .param/l "WRITE_MODE" 0 2 1875, +C4<00000000000000000000000000000000>;
o0x7f4076999c38 .functor BUFZ 1, C4<z>; HiZ drive
L_0x55555f0c1620 .functor NOT 1, o0x7f4076999c38, C4<0>, C4<0>, C4<0>;
o0x7f4076999728 .functor BUFZ 16, C4<zzzzzzzzzzzzzzzz>; HiZ drive
v0x55555f097740_0 .net "MASK", 15 0, o0x7f4076999728;  0 drivers
o0x7f4076999758 .functor BUFZ 11, C4<zzzzzzzzzzz>; HiZ drive
v0x55555f097820_0 .net "RADDR", 10 0, o0x7f4076999758;  0 drivers
o0x7f4076999788 .functor BUFZ 1, C4<z>; HiZ drive
v0x55555f0978f0_0 .net "RCLK", 0 0, o0x7f4076999788;  0 drivers
o0x7f40769997b8 .functor BUFZ 1, C4<z>; HiZ drive
v0x55555f0979f0_0 .net "RCLKE", 0 0, o0x7f40769997b8;  0 drivers
v0x55555f097ac0_0 .net "RDATA", 15 0, L_0x55555f0c1560;  1 drivers
o0x7f4076999848 .functor BUFZ 1, C4<z>; HiZ drive
v0x55555f097b60_0 .net "RE", 0 0, o0x7f4076999848;  0 drivers
o0x7f40769998a8 .functor BUFZ 11, C4<zzzzzzzzzzz>; HiZ drive
v0x55555f097c30_0 .net "WADDR", 10 0, o0x7f40769998a8;  0 drivers
o0x7f4076999908 .functor BUFZ 1, C4<z>; HiZ drive
v0x55555f097d00_0 .net "WCLKE", 0 0, o0x7f4076999908;  0 drivers
v0x55555f097dd0_0 .net "WCLKN", 0 0, o0x7f4076999c38;  0 drivers
o0x7f4076999938 .functor BUFZ 16, C4<zzzzzzzzzzzzzzzz>; HiZ drive
v0x55555f097e70_0 .net "WDATA", 15 0, o0x7f4076999938;  0 drivers
o0x7f4076999998 .functor BUFZ 1, C4<z>; HiZ drive
v0x55555f097f40_0 .net "WE", 0 0, o0x7f4076999998;  0 drivers
S_0x55555f093d70 .scope module, "RAM" "SB_RAM40_4K" 2 1917, 2 1487 0, S_0x55555eec2080;
 .timescale -12 -12;
    .port_info 0 /OUTPUT 16 "RDATA";
    .port_info 1 /INPUT 1 "RCLK";
    .port_info 2 /INPUT 1 "RCLKE";
    .port_info 3 /INPUT 1 "RE";
    .port_info 4 /INPUT 11 "RADDR";
    .port_info 5 /INPUT 1 "WCLK";
    .port_info 6 /INPUT 1 "WCLKE";
    .port_info 7 /INPUT 1 "WE";
    .port_info 8 /INPUT 11 "WADDR";
    .port_info 9 /INPUT 16 "MASK";
    .port_info 10 /INPUT 16 "WDATA";
P_0x55555f093f20 .param/l "INIT_0" 0 2 1507, C4<0000000000000000000000000000000000000000000000000000000000000000000000000000000000000000000000000000000000000000000000000000000000000000000000000000000000000000000000000000000000000000000000000000000000000000000000000000000000000000000000000000000000000000>;
P_0x55555f093f60 .param/l "INIT_1" 0 2 1508, C4<0000000000000000000000000000000000000000000000000000000000000000000000000000000000000000000000000000000000000000000000000000000000000000000000000000000000000000000000000000000000000000000000000000000000000000000000000000000000000000000000000000000000000000>;
P_0x55555f093fa0 .param/l "INIT_2" 0 2 1509, C4<0000000000000000000000000000000000000000000000000000000000000000000000000000000000000000000000000000000000000000000000000000000000000000000000000000000000000000000000000000000000000000000000000000000000000000000000000000000000000000000000000000000000000000>;
P_0x55555f093fe0 .param/l "INIT_3" 0 2 1510, C4<0000000000000000000000000000000000000000000000000000000000000000000000000000000000000000000000000000000000000000000000000000000000000000000000000000000000000000000000000000000000000000000000000000000000000000000000000000000000000000000000000000000000000000>;
P_0x55555f094020 .param/l "INIT_4" 0 2 1511, C4<0000000000000000000000000000000000000000000000000000000000000000000000000000000000000000000000000000000000000000000000000000000000000000000000000000000000000000000000000000000000000000000000000000000000000000000000000000000000000000000000000000000000000000>;
P_0x55555f094060 .param/l "INIT_5" 0 2 1512, C4<0000000000000000000000000000000000000000000000000000000000000000000000000000000000000000000000000000000000000000000000000000000000000000000000000000000000000000000000000000000000000000000000000000000000000000000000000000000000000000000000000000000000000000>;
P_0x55555f0940a0 .param/l "INIT_6" 0 2 1513, C4<0000000000000000000000000000000000000000000000000000000000000000000000000000000000000000000000000000000000000000000000000000000000000000000000000000000000000000000000000000000000000000000000000000000000000000000000000000000000000000000000000000000000000000>;
P_0x55555f0940e0 .param/l "INIT_7" 0 2 1514, C4<0000000000000000000000000000000000000000000000000000000000000000000000000000000000000000000000000000000000000000000000000000000000000000000000000000000000000000000000000000000000000000000000000000000000000000000000000000000000000000000000000000000000000000>;
P_0x55555f094120 .param/l "INIT_8" 0 2 1515, C4<0000000000000000000000000000000000000000000000000000000000000000000000000000000000000000000000000000000000000000000000000000000000000000000000000000000000000000000000000000000000000000000000000000000000000000000000000000000000000000000000000000000000000000>;
P_0x55555f094160 .param/l "INIT_9" 0 2 1516, C4<0000000000000000000000000000000000000000000000000000000000000000000000000000000000000000000000000000000000000000000000000000000000000000000000000000000000000000000000000000000000000000000000000000000000000000000000000000000000000000000000000000000000000000>;
P_0x55555f0941a0 .param/l "INIT_A" 0 2 1517, C4<0000000000000000000000000000000000000000000000000000000000000000000000000000000000000000000000000000000000000000000000000000000000000000000000000000000000000000000000000000000000000000000000000000000000000000000000000000000000000000000000000000000000000000>;
P_0x55555f0941e0 .param/l "INIT_B" 0 2 1518, C4<0000000000000000000000000000000000000000000000000000000000000000000000000000000000000000000000000000000000000000000000000000000000000000000000000000000000000000000000000000000000000000000000000000000000000000000000000000000000000000000000000000000000000000>;
P_0x55555f094220 .param/l "INIT_C" 0 2 1519, C4<0000000000000000000000000000000000000000000000000000000000000000000000000000000000000000000000000000000000000000000000000000000000000000000000000000000000000000000000000000000000000000000000000000000000000000000000000000000000000000000000000000000000000000>;
P_0x55555f094260 .param/l "INIT_D" 0 2 1520, C4<0000000000000000000000000000000000000000000000000000000000000000000000000000000000000000000000000000000000000000000000000000000000000000000000000000000000000000000000000000000000000000000000000000000000000000000000000000000000000000000000000000000000000000>;
P_0x55555f0942a0 .param/l "INIT_E" 0 2 1521, C4<0000000000000000000000000000000000000000000000000000000000000000000000000000000000000000000000000000000000000000000000000000000000000000000000000000000000000000000000000000000000000000000000000000000000000000000000000000000000000000000000000000000000000000>;
P_0x55555f0942e0 .param/l "INIT_F" 0 2 1522, C4<0000000000000000000000000000000000000000000000000000000000000000000000000000000000000000000000000000000000000000000000000000000000000000000000000000000000000000000000000000000000000000000000000000000000000000000000000000000000000000000000000000000000000000>;
P_0x55555f094320 .param/str "INIT_FILE" 0 2 1524, "\000";
P_0x55555f094360 .param/l "READ_MODE" 0 2 1505, +C4<00000000000000000000000000000000>;
P_0x55555f0943a0 .param/l "WRITE_MODE" 0 2 1504, +C4<00000000000000000000000000000000>;
v0x55555f096630_0 .net "MASK", 15 0, o0x7f4076999728;  alias, 0 drivers
v0x55555f0966f0_0 .net "RADDR", 10 0, o0x7f4076999758;  alias, 0 drivers
v0x55555f0967d0_0 .net "RCLK", 0 0, o0x7f4076999788;  alias, 0 drivers
v0x55555f0968a0_0 .net "RCLKE", 0 0, o0x7f40769997b8;  alias, 0 drivers
v0x55555f096960_0 .net "RDATA", 15 0, L_0x55555f0c1560;  alias, 1 drivers
v0x55555f096a90_0 .var "RDATA_I", 15 0;
v0x55555f096b70_0 .net "RE", 0 0, o0x7f4076999848;  alias, 0 drivers
L_0x7f4076943ba0 .functor BUFT 1, C4<0000000000000000>, C4<0>, C4<0>, C4<0>;
v0x55555f096c30_0 .net "RMASK_I", 15 0, L_0x7f4076943ba0;  1 drivers
v0x55555f096d10_0 .net "WADDR", 10 0, o0x7f40769998a8;  alias, 0 drivers
v0x55555f096df0_0 .net "WCLK", 0 0, L_0x55555f0c1620;  1 drivers
v0x55555f096eb0_0 .net "WCLKE", 0 0, o0x7f4076999908;  alias, 0 drivers
v0x55555f096f70_0 .net "WDATA", 15 0, o0x7f4076999938;  alias, 0 drivers
v0x55555f097050_0 .net "WDATA_I", 15 0, L_0x55555f0c1470;  1 drivers
v0x55555f097130_0 .net "WE", 0 0, o0x7f4076999998;  alias, 0 drivers
v0x55555f0971f0_0 .net "WMASK_I", 15 0, L_0x55555f0c1380;  1 drivers
v0x55555f0972d0_0 .var/i "i", 31 0;
v0x55555f0973b0 .array "memory", 255 0, 15 0;
E_0x55555f095d60 .event posedge, v0x55555f0967d0_0;
E_0x55555f095de0 .event posedge, v0x55555f096df0_0;
S_0x55555f095e40 .scope generate, "genblk1" "genblk1" 2 1534, 2 1534 0, S_0x55555f093d70;
 .timescale -12 -12;
L_0x55555f0c1380 .functor BUFZ 16, o0x7f4076999728, C4<0000000000000000>, C4<0000000000000000>, C4<0000000000000000>;
S_0x55555f096040 .scope generate, "genblk2" "genblk2" 2 1555, 2 1555 0, S_0x55555f093d70;
 .timescale -12 -12;
S_0x55555f096240 .scope generate, "genblk3" "genblk3" 2 1576, 2 1576 0, S_0x55555f093d70;
 .timescale -12 -12;
L_0x55555f0c1470 .functor BUFZ 16, o0x7f4076999938, C4<0000000000000000>, C4<0000000000000000>, C4<0000000000000000>;
S_0x55555f096450 .scope generate, "genblk4" "genblk4" 2 1595, 2 1595 0, S_0x55555f093d70;
 .timescale -12 -12;
L_0x55555f0c1560 .functor BUFZ 16, v0x55555f096a90_0, C4<0000000000000000>, C4<0000000000000000>, C4<0000000000000000>;
S_0x55555eec3c20 .scope module, "SB_RGB_DRV" "SB_RGB_DRV" 2 2716;
 .timescale -12 -12;
    .port_info 0 /INPUT 1 "RGBLEDEN";
    .port_info 1 /INPUT 1 "RGB0PWM";
    .port_info 2 /INPUT 1 "RGB1PWM";
    .port_info 3 /INPUT 1 "RGB2PWM";
    .port_info 4 /INPUT 1 "RGBPU";
    .port_info 5 /OUTPUT 1 "RGB0";
    .port_info 6 /OUTPUT 1 "RGB1";
    .port_info 7 /OUTPUT 1 "RGB2";
P_0x55555eec3db0 .param/str "CURRENT_MODE" 0 2 2726, "0b0";
P_0x55555eec3df0 .param/str "RGB0_CURRENT" 0 2 2727, "0b000000";
P_0x55555eec3e30 .param/str "RGB1_CURRENT" 0 2 2728, "0b000000";
P_0x55555eec3e70 .param/str "RGB2_CURRENT" 0 2 2729, "0b000000";
o0x7f4076999e78 .functor BUFZ 1, C4<z>; HiZ drive
v0x55555f0980b0_0 .net "RGB0", 0 0, o0x7f4076999e78;  0 drivers
o0x7f4076999ea8 .functor BUFZ 1, C4<z>; HiZ drive
v0x55555f098190_0 .net "RGB0PWM", 0 0, o0x7f4076999ea8;  0 drivers
o0x7f4076999ed8 .functor BUFZ 1, C4<z>; HiZ drive
v0x55555f098250_0 .net "RGB1", 0 0, o0x7f4076999ed8;  0 drivers
o0x7f4076999f08 .functor BUFZ 1, C4<z>; HiZ drive
v0x55555f098320_0 .net "RGB1PWM", 0 0, o0x7f4076999f08;  0 drivers
o0x7f4076999f38 .functor BUFZ 1, C4<z>; HiZ drive
v0x55555f0983e0_0 .net "RGB2", 0 0, o0x7f4076999f38;  0 drivers
o0x7f4076999f68 .functor BUFZ 1, C4<z>; HiZ drive
v0x55555f0984a0_0 .net "RGB2PWM", 0 0, o0x7f4076999f68;  0 drivers
o0x7f4076999f98 .functor BUFZ 1, C4<z>; HiZ drive
v0x55555f098560_0 .net "RGBLEDEN", 0 0, o0x7f4076999f98;  0 drivers
o0x7f4076999fc8 .functor BUFZ 1, C4<z>; HiZ drive
v0x55555f098620_0 .net "RGBPU", 0 0, o0x7f4076999fc8;  0 drivers
S_0x55555eed3b40 .scope module, "SB_SPI" "SB_SPI" 2 2776;
 .timescale -12 -12;
    .port_info 0 /INPUT 1 "SBCLKI";
    .port_info 1 /INPUT 1 "SBRWI";
    .port_info 2 /INPUT 1 "SBSTBI";
    .port_info 3 /INPUT 1 "SBADRI7";
    .port_info 4 /INPUT 1 "SBADRI6";
    .port_info 5 /INPUT 1 "SBADRI5";
    .port_info 6 /INPUT 1 "SBADRI4";
    .port_info 7 /INPUT 1 "SBADRI3";
    .port_info 8 /INPUT 1 "SBADRI2";
    .port_info 9 /INPUT 1 "SBADRI1";
    .port_info 10 /INPUT 1 "SBADRI0";
    .port_info 11 /INPUT 1 "SBDATI7";
    .port_info 12 /INPUT 1 "SBDATI6";
    .port_info 13 /INPUT 1 "SBDATI5";
    .port_info 14 /INPUT 1 "SBDATI4";
    .port_info 15 /INPUT 1 "SBDATI3";
    .port_info 16 /INPUT 1 "SBDATI2";
    .port_info 17 /INPUT 1 "SBDATI1";
    .port_info 18 /INPUT 1 "SBDATI0";
    .port_info 19 /INPUT 1 "MI";
    .port_info 20 /INPUT 1 "SI";
    .port_info 21 /INPUT 1 "SCKI";
    .port_info 22 /INPUT 1 "SCSNI";
    .port_info 23 /OUTPUT 1 "SBDATO7";
    .port_info 24 /OUTPUT 1 "SBDATO6";
    .port_info 25 /OUTPUT 1 "SBDATO5";
    .port_info 26 /OUTPUT 1 "SBDATO4";
    .port_info 27 /OUTPUT 1 "SBDATO3";
    .port_info 28 /OUTPUT 1 "SBDATO2";
    .port_info 29 /OUTPUT 1 "SBDATO1";
    .port_info 30 /OUTPUT 1 "SBDATO0";
    .port_info 31 /OUTPUT 1 "SBACKO";
    .port_info 32 /OUTPUT 1 "SPIIRQ";
    .port_info 33 /OUTPUT 1 "SPIWKUP";
    .port_info 34 /OUTPUT 1 "SO";
    .port_info 35 /OUTPUT 1 "SOE";
    .port_info 36 /OUTPUT 1 "MO";
    .port_info 37 /OUTPUT 1 "MOE";
    .port_info 38 /OUTPUT 1 "SCKO";
    .port_info 39 /OUTPUT 1 "SCKOE";
    .port_info 40 /OUTPUT 1 "MCSNO3";
    .port_info 41 /OUTPUT 1 "MCSNO2";
    .port_info 42 /OUTPUT 1 "MCSNO1";
    .port_info 43 /OUTPUT 1 "MCSNO0";
    .port_info 44 /OUTPUT 1 "MCSNOE3";
    .port_info 45 /OUTPUT 1 "MCSNOE2";
    .port_info 46 /OUTPUT 1 "MCSNOE1";
    .port_info 47 /OUTPUT 1 "MCSNOE0";
P_0x55555f0220d0 .param/str "BUS_ADDR74" 0 2 2826, "0b0000";
o0x7f407699a178 .functor BUFZ 1, C4<z>; HiZ drive
v0x55555f098830_0 .net "MCSNO0", 0 0, o0x7f407699a178;  0 drivers
o0x7f407699a1a8 .functor BUFZ 1, C4<z>; HiZ drive
v0x55555f098910_0 .net "MCSNO1", 0 0, o0x7f407699a1a8;  0 drivers
o0x7f407699a1d8 .functor BUFZ 1, C4<z>; HiZ drive
v0x55555f0989d0_0 .net "MCSNO2", 0 0, o0x7f407699a1d8;  0 drivers
o0x7f407699a208 .functor BUFZ 1, C4<z>; HiZ drive
v0x55555f098a70_0 .net "MCSNO3", 0 0, o0x7f407699a208;  0 drivers
o0x7f407699a238 .functor BUFZ 1, C4<z>; HiZ drive
v0x55555f098b30_0 .net "MCSNOE0", 0 0, o0x7f407699a238;  0 drivers
o0x7f407699a268 .functor BUFZ 1, C4<z>; HiZ drive
v0x55555f098bf0_0 .net "MCSNOE1", 0 0, o0x7f407699a268;  0 drivers
o0x7f407699a298 .functor BUFZ 1, C4<z>; HiZ drive
v0x55555f098cb0_0 .net "MCSNOE2", 0 0, o0x7f407699a298;  0 drivers
o0x7f407699a2c8 .functor BUFZ 1, C4<z>; HiZ drive
v0x55555f098d70_0 .net "MCSNOE3", 0 0, o0x7f407699a2c8;  0 drivers
o0x7f407699a2f8 .functor BUFZ 1, C4<z>; HiZ drive
v0x55555f098e30_0 .net "MI", 0 0, o0x7f407699a2f8;  0 drivers
o0x7f407699a328 .functor BUFZ 1, C4<z>; HiZ drive
v0x55555f098f80_0 .net "MO", 0 0, o0x7f407699a328;  0 drivers
o0x7f407699a358 .functor BUFZ 1, C4<z>; HiZ drive
v0x55555f099040_0 .net "MOE", 0 0, o0x7f407699a358;  0 drivers
o0x7f407699a388 .functor BUFZ 1, C4<z>; HiZ drive
v0x55555f099100_0 .net "SBACKO", 0 0, o0x7f407699a388;  0 drivers
o0x7f407699a3b8 .functor BUFZ 1, C4<z>; HiZ drive
v0x55555f0991c0_0 .net "SBADRI0", 0 0, o0x7f407699a3b8;  0 drivers
o0x7f407699a3e8 .functor BUFZ 1, C4<z>; HiZ drive
v0x55555f099280_0 .net "SBADRI1", 0 0, o0x7f407699a3e8;  0 drivers
o0x7f407699a418 .functor BUFZ 1, C4<z>; HiZ drive
v0x55555f099340_0 .net "SBADRI2", 0 0, o0x7f407699a418;  0 drivers
o0x7f407699a448 .functor BUFZ 1, C4<z>; HiZ drive
v0x55555f099400_0 .net "SBADRI3", 0 0, o0x7f407699a448;  0 drivers
o0x7f407699a478 .functor BUFZ 1, C4<z>; HiZ drive
v0x55555f0994c0_0 .net "SBADRI4", 0 0, o0x7f407699a478;  0 drivers
o0x7f407699a4a8 .functor BUFZ 1, C4<z>; HiZ drive
v0x55555f099690_0 .net "SBADRI5", 0 0, o0x7f407699a4a8;  0 drivers
o0x7f407699a4d8 .functor BUFZ 1, C4<z>; HiZ drive
v0x55555f099750_0 .net "SBADRI6", 0 0, o0x7f407699a4d8;  0 drivers
o0x7f407699a508 .functor BUFZ 1, C4<z>; HiZ drive
v0x55555f099810_0 .net "SBADRI7", 0 0, o0x7f407699a508;  0 drivers
o0x7f407699a538 .functor BUFZ 1, C4<z>; HiZ drive
v0x55555f0998d0_0 .net "SBCLKI", 0 0, o0x7f407699a538;  0 drivers
o0x7f407699a568 .functor BUFZ 1, C4<z>; HiZ drive
v0x55555f099990_0 .net "SBDATI0", 0 0, o0x7f407699a568;  0 drivers
o0x7f407699a598 .functor BUFZ 1, C4<z>; HiZ drive
v0x55555f099a50_0 .net "SBDATI1", 0 0, o0x7f407699a598;  0 drivers
o0x7f407699a5c8 .functor BUFZ 1, C4<z>; HiZ drive
v0x55555f099b10_0 .net "SBDATI2", 0 0, o0x7f407699a5c8;  0 drivers
o0x7f407699a5f8 .functor BUFZ 1, C4<z>; HiZ drive
v0x55555f099bd0_0 .net "SBDATI3", 0 0, o0x7f407699a5f8;  0 drivers
o0x7f407699a628 .functor BUFZ 1, C4<z>; HiZ drive
v0x55555f099c90_0 .net "SBDATI4", 0 0, o0x7f407699a628;  0 drivers
o0x7f407699a658 .functor BUFZ 1, C4<z>; HiZ drive
v0x55555f099d50_0 .net "SBDATI5", 0 0, o0x7f407699a658;  0 drivers
o0x7f407699a688 .functor BUFZ 1, C4<z>; HiZ drive
v0x55555f099e10_0 .net "SBDATI6", 0 0, o0x7f407699a688;  0 drivers
o0x7f407699a6b8 .functor BUFZ 1, C4<z>; HiZ drive
v0x55555f099ed0_0 .net "SBDATI7", 0 0, o0x7f407699a6b8;  0 drivers
o0x7f407699a6e8 .functor BUFZ 1, C4<z>; HiZ drive
v0x55555f099f90_0 .net "SBDATO0", 0 0, o0x7f407699a6e8;  0 drivers
o0x7f407699a718 .functor BUFZ 1, C4<z>; HiZ drive
v0x55555f09a050_0 .net "SBDATO1", 0 0, o0x7f407699a718;  0 drivers
o0x7f407699a748 .functor BUFZ 1, C4<z>; HiZ drive
v0x55555f09a110_0 .net "SBDATO2", 0 0, o0x7f407699a748;  0 drivers
o0x7f407699a778 .functor BUFZ 1, C4<z>; HiZ drive
v0x55555f09a1d0_0 .net "SBDATO3", 0 0, o0x7f407699a778;  0 drivers
o0x7f407699a7a8 .functor BUFZ 1, C4<z>; HiZ drive
v0x55555f09a290_0 .net "SBDATO4", 0 0, o0x7f407699a7a8;  0 drivers
o0x7f407699a7d8 .functor BUFZ 1, C4<z>; HiZ drive
v0x55555f09a350_0 .net "SBDATO5", 0 0, o0x7f407699a7d8;  0 drivers
o0x7f407699a808 .functor BUFZ 1, C4<z>; HiZ drive
v0x55555f09a410_0 .net "SBDATO6", 0 0, o0x7f407699a808;  0 drivers
o0x7f407699a838 .functor BUFZ 1, C4<z>; HiZ drive
v0x55555f09a4d0_0 .net "SBDATO7", 0 0, o0x7f407699a838;  0 drivers
o0x7f407699a868 .functor BUFZ 1, C4<z>; HiZ drive
v0x55555f09a590_0 .net "SBRWI", 0 0, o0x7f407699a868;  0 drivers
o0x7f407699a898 .functor BUFZ 1, C4<z>; HiZ drive
v0x55555f09a650_0 .net "SBSTBI", 0 0, o0x7f407699a898;  0 drivers
o0x7f407699a8c8 .functor BUFZ 1, C4<z>; HiZ drive
v0x55555f09a710_0 .net "SCKI", 0 0, o0x7f407699a8c8;  0 drivers
o0x7f407699a8f8 .functor BUFZ 1, C4<z>; HiZ drive
v0x55555f09a7d0_0 .net "SCKO", 0 0, o0x7f407699a8f8;  0 drivers
o0x7f407699a928 .functor BUFZ 1, C4<z>; HiZ drive
v0x55555f09a890_0 .net "SCKOE", 0 0, o0x7f407699a928;  0 drivers
o0x7f407699a958 .functor BUFZ 1, C4<z>; HiZ drive
v0x55555f09a950_0 .net "SCSNI", 0 0, o0x7f407699a958;  0 drivers
o0x7f407699a988 .functor BUFZ 1, C4<z>; HiZ drive
v0x55555f09aa10_0 .net "SI", 0 0, o0x7f407699a988;  0 drivers
o0x7f407699a9b8 .functor BUFZ 1, C4<z>; HiZ drive
v0x55555f09aad0_0 .net "SO", 0 0, o0x7f407699a9b8;  0 drivers
o0x7f407699a9e8 .functor BUFZ 1, C4<z>; HiZ drive
v0x55555f09ab90_0 .net "SOE", 0 0, o0x7f407699a9e8;  0 drivers
o0x7f407699aa18 .functor BUFZ 1, C4<z>; HiZ drive
v0x55555f09ac50_0 .net "SPIIRQ", 0 0, o0x7f407699aa18;  0 drivers
o0x7f407699aa48 .functor BUFZ 1, C4<z>; HiZ drive
v0x55555f09ad10_0 .net "SPIWKUP", 0 0, o0x7f407699aa48;  0 drivers
S_0x55555eed3eb0 .scope module, "SB_SPRAM256KA" "SB_SPRAM256KA" 2 2600;
 .timescale -12 -12;
    .port_info 0 /INPUT 14 "ADDRESS";
    .port_info 1 /INPUT 16 "DATAIN";
    .port_info 2 /INPUT 4 "MASKWREN";
    .port_info 3 /INPUT 1 "WREN";
    .port_info 4 /INPUT 1 "CHIPSELECT";
    .port_info 5 /INPUT 1 "CLOCK";
    .port_info 6 /INPUT 1 "STANDBY";
    .port_info 7 /INPUT 1 "SLEEP";
    .port_info 8 /INPUT 1 "POWEROFF";
    .port_info 9 /OUTPUT 16 "DATAOUT";
o0x7f407699b4c8 .functor BUFZ 1, C4<z>; HiZ drive
L_0x55555f0c17c0 .functor OR 1, o0x7f407699b4c8, L_0x55555f0c16c0, C4<0>, C4<0>;
o0x7f407699b378 .functor BUFZ 14, C4<zzzzzzzzzzzzzz>; HiZ drive
v0x55555f09b640_0 .net "ADDRESS", 13 0, o0x7f407699b378;  0 drivers
o0x7f407699b3a8 .functor BUFZ 1, C4<z>; HiZ drive
v0x55555f09b740_0 .net "CHIPSELECT", 0 0, o0x7f407699b3a8;  0 drivers
o0x7f407699b3d8 .functor BUFZ 1, C4<z>; HiZ drive
v0x55555f09b800_0 .net "CLOCK", 0 0, o0x7f407699b3d8;  0 drivers
o0x7f407699b408 .functor BUFZ 16, C4<zzzzzzzzzzzzzzzz>; HiZ drive
v0x55555f09b8a0_0 .net "DATAIN", 15 0, o0x7f407699b408;  0 drivers
v0x55555f09b980_0 .var "DATAOUT", 15 0;
o0x7f407699b468 .functor BUFZ 4, C4<zzzz>; HiZ drive
v0x55555f09ba60_0 .net "MASKWREN", 3 0, o0x7f407699b468;  0 drivers
o0x7f407699b498 .functor BUFZ 1, C4<z>; HiZ drive
v0x55555f09bb40_0 .net "POWEROFF", 0 0, o0x7f407699b498;  0 drivers
v0x55555f09bc00_0 .net "SLEEP", 0 0, o0x7f407699b4c8;  0 drivers
o0x7f407699b4f8 .functor BUFZ 1, C4<z>; HiZ drive
v0x55555f09bcc0_0 .net "STANDBY", 0 0, o0x7f407699b4f8;  0 drivers
o0x7f407699b528 .functor BUFZ 1, C4<z>; HiZ drive
v0x55555f09bd80_0 .net "WREN", 0 0, o0x7f407699b528;  0 drivers
v0x55555f09be40_0 .net *"_ivl_1", 0 0, L_0x55555f0c16c0;  1 drivers
v0x55555f09bf00_0 .var/i "i", 31 0;
v0x55555f09bfe0 .array "mem", 16383 0, 15 0;
v0x55555f09c0a0_0 .net "off", 0 0, L_0x55555f0c17c0;  1 drivers
E_0x55555f09b560 .event posedge, v0x55555f09c0a0_0, v0x55555f09b800_0;
E_0x55555f09b5e0 .event negedge, v0x55555f09bb40_0;
L_0x55555f0c16c0 .reduce/nor o0x7f407699b498;
S_0x55555eec6560 .scope module, "SB_WARMBOOT" "SB_WARMBOOT" 2 2593;
 .timescale -12 -12;
    .port_info 0 /INPUT 1 "BOOT";
    .port_info 1 /INPUT 1 "S1";
    .port_info 2 /INPUT 1 "S0";
o0x7f407699b7c8 .functor BUFZ 1, C4<z>; HiZ drive
v0x55555f09c2a0_0 .net "BOOT", 0 0, o0x7f407699b7c8;  0 drivers
o0x7f407699b7f8 .functor BUFZ 1, C4<z>; HiZ drive
v0x55555f09c380_0 .net "S0", 0 0, o0x7f407699b7f8;  0 drivers
o0x7f407699b828 .functor BUFZ 1, C4<z>; HiZ drive
v0x55555f09c440_0 .net "S1", 0 0, o0x7f407699b828;  0 drivers
S_0x55555eec66f0 .scope module, "top" "top" 3 8;
 .timescale -12 -12;
    .port_info 0 /INPUT 1 "clki";
    .port_info 1 /OUTPUT 1 "rgb0";
    .port_info 2 /OUTPUT 1 "rgb1";
    .port_info 3 /OUTPUT 1 "rgb2";
    .port_info 4 /OUTPUT 1 "usb_dp";
    .port_info 5 /OUTPUT 1 "usb_dn";
    .port_info 6 /OUTPUT 1 "usb_dp_pu";
v0x55555f09d4f0_0 .net "clk", 0 0, L_0x55555f0c1940;  1 drivers
o0x7f407699bc18 .functor BUFZ 1, C4<z>; HiZ drive
v0x55555f09d590_0 .net "clki", 0 0, o0x7f407699bc18;  0 drivers
v0x55555f09d660_0 .var "counter", 28 0;
o0x7f407699b918 .functor BUFZ 1, C4<z>; HiZ drive
v0x55555f09d730_0 .net "rgb0", 0 0, o0x7f407699b918;  0 drivers
o0x7f407699b978 .functor BUFZ 1, C4<z>; HiZ drive
v0x55555f09d800_0 .net "rgb1", 0 0, o0x7f407699b978;  0 drivers
o0x7f407699b9d8 .functor BUFZ 1, C4<z>; HiZ drive
v0x55555f09d8f0_0 .net "rgb2", 0 0, o0x7f407699b9d8;  0 drivers
L_0x7f4076943c30 .functor BUFT 1, C4<0>, C4<0>, C4<0>, C4<0>;
v0x55555f09d9c0_0 .net "usb_dn", 0 0, L_0x7f4076943c30;  1 drivers
L_0x7f4076943be8 .functor BUFT 1, C4<0>, C4<0>, C4<0>, C4<0>;
v0x55555f09da60_0 .net "usb_dp", 0 0, L_0x7f4076943be8;  1 drivers
L_0x7f4076943c78 .functor BUFT 1, C4<0>, C4<0>, C4<0>, C4<0>;
v0x55555f09db00_0 .net "usb_dp_pu", 0 0, L_0x7f4076943c78;  1 drivers
E_0x55555f09c560 .event posedge, v0x55555f09d2f0_0;
L_0x55555f0c1a50 .part v0x55555f09d660_0, 23, 1;
L_0x55555f0c1b50 .part v0x55555f09d660_0, 24, 1;
L_0x55555f0c1c70 .part v0x55555f09d660_0, 25, 1;
S_0x55555eed3d20 .scope module, "RGBA_DRIVER" "SB_RGBA_DRV" 3 59, 2 2692 0, S_0x55555eec66f0;
 .timescale -12 -12;
    .port_info 0 /INPUT 1 "CURREN";
    .port_info 1 /INPUT 1 "RGBLEDEN";
    .port_info 2 /INPUT 1 "RGB0PWM";
    .port_info 3 /INPUT 1 "RGB1PWM";
    .port_info 4 /INPUT 1 "RGB2PWM";
    .port_info 5 /OUTPUT 1 "RGB0";
    .port_info 6 /OUTPUT 1 "RGB1";
    .port_info 7 /OUTPUT 1 "RGB2";
P_0x55555f099560 .param/str "CURRENT_MODE" 0 2 2702, "0b1";
P_0x55555f0995a0 .param/str "RGB0_CURRENT" 0 2 2703, "0b000011";
P_0x55555f0995e0 .param/str "RGB1_CURRENT" 0 2 2704, "0b000011";
P_0x55555f099620 .param/str "RGB2_CURRENT" 0 2 2705, "0b000011";
L_0x7f4076943cc0 .functor BUFT 1, C4<1>, C4<0>, C4<0>, C4<0>;
v0x55555f09c940_0 .net "CURREN", 0 0, L_0x7f4076943cc0;  1 drivers
v0x55555f09ca00_0 .net "RGB0", 0 0, o0x7f407699b918;  alias, 0 drivers
v0x55555f09cac0_0 .net "RGB0PWM", 0 0, L_0x55555f0c1a50;  1 drivers
v0x55555f09cb90_0 .net "RGB1", 0 0, o0x7f407699b978;  alias, 0 drivers
v0x55555f09cc50_0 .net "RGB1PWM", 0 0, L_0x55555f0c1b50;  1 drivers
v0x55555f09cd60_0 .net "RGB2", 0 0, o0x7f407699b9d8;  alias, 0 drivers
v0x55555f09ce20_0 .net "RGB2PWM", 0 0, L_0x55555f0c1c70;  1 drivers
L_0x7f4076943d08 .functor BUFT 1, C4<1>, C4<0>, C4<0>, C4<0>;
v0x55555f09cee0_0 .net "RGBLEDEN", 0 0, L_0x7f4076943d08;  1 drivers
S_0x55555f09d0f0 .scope module, "clk_gb" "SB_GB" 3 33, 2 162 0, S_0x55555eec66f0;
 .timescale -12 -12;
    .port_info 0 /INPUT 1 "USER_SIGNAL_TO_GLOBAL_BUFFER";
    .port_info 1 /OUTPUT 1 "GLOBAL_BUFFER_OUTPUT";
L_0x55555f0c1940 .functor BUFZ 1, o0x7f407699bc18, C4<0>, C4<0>, C4<0>;
v0x55555f09d2f0_0 .net "GLOBAL_BUFFER_OUTPUT", 0 0, L_0x55555f0c1940;  alias, 1 drivers
v0x55555f09d3d0_0 .net "USER_SIGNAL_TO_GLOBAL_BUFFER", 0 0, o0x7f407699bc18;  alias, 0 drivers
    .scope S_0x55555eed3840;
T_2 ;
    %pushi/vec4 0, 0, 1;
    %store/vec4 v0x55555ee38fc0_0, 0, 1;
    %pushi/vec4 0, 0, 1;
    %store/vec4 v0x55555ee39080_0, 0, 1;
    %end;
    .thread T_2;
    .scope S_0x55555eed3840;
T_3 ;
    %wait E_0x55555f039c60;
    %load/vec4 v0x55555efc97a0_0;
    %flag_set/vec4 8;
    %jmp/0xz  T_3.0, 8;
    %load/vec4 v0x55555ee49450_0;
    %flag_set/vec4 8;
    %jmp/0 T_3.2, 8;
    %pushi/vec4 0, 0, 1;
    %jmp/1 T_3.3, 8;
T_3.2 ; End of true expr.
    %load/vec4 v0x55555ee335e0_0;
    %jmp/0 T_3.3, 8;
 ; End of false expr.
    %blend;
T_3.3;
    %assign/vec4 v0x55555ee38fc0_0, 0;
T_3.0 ;
    %jmp T_3;
    .thread T_3;
    .scope S_0x55555eed3840;
T_4 ;
    %wait E_0x55555f029310;
    %load/vec4 v0x55555ee49450_0;
    %flag_set/vec4 8;
    %jmp/0xz  T_4.0, 8;
    %pushi/vec4 0, 0, 1;
    %assign/vec4 v0x55555ee39080_0, 0;
    %jmp T_4.1;
T_4.0 ;
    %load/vec4 v0x55555efc97a0_0;
    %flag_set/vec4 8;
    %jmp/0xz  T_4.2, 8;
    %load/vec4 v0x55555ee335e0_0;
    %assign/vec4 v0x55555ee39080_0, 0;
T_4.2 ;
T_4.1 ;
    %jmp T_4;
    .thread T_4;
    .scope S_0x55555ee351a0;
T_5 ;
    %pushi/vec4 0, 0, 32;
    %store/vec4 v0x55555f065e30_0, 0, 32;
T_5.0 ; Top of for-loop 
    %load/vec4 v0x55555f065e30_0;
    %cmpi/s 16, 0, 32;
    %jmp/0xz T_5.1, 5;
    %pushi/vec4 0, 0, 256;
    %load/vec4 v0x55555f065e30_0;
    %muli 16, 0, 32;
    %part/s 16;
    %pushi/vec4 0, 0, 32;
    %load/vec4 v0x55555f065e30_0;
    %add;
    %ix/vec4/s 4;
    %store/vec4a v0x55555f065f10, 4, 0;
    %pushi/vec4 0, 0, 256;
    %load/vec4 v0x55555f065e30_0;
    %muli 16, 0, 32;
    %part/s 16;
    %pushi/vec4 16, 0, 32;
    %load/vec4 v0x55555f065e30_0;
    %add;
    %ix/vec4/s 4;
    %store/vec4a v0x55555f065f10, 4, 0;
    %pushi/vec4 0, 0, 256;
    %load/vec4 v0x55555f065e30_0;
    %muli 16, 0, 32;
    %part/s 16;
    %pushi/vec4 32, 0, 32;
    %load/vec4 v0x55555f065e30_0;
    %add;
    %ix/vec4/s 4;
    %store/vec4a v0x55555f065f10, 4, 0;
    %pushi/vec4 0, 0, 256;
    %load/vec4 v0x55555f065e30_0;
    %muli 16, 0, 32;
    %part/s 16;
    %pushi/vec4 48, 0, 32;
    %load/vec4 v0x55555f065e30_0;
    %add;
    %ix/vec4/s 4;
    %store/vec4a v0x55555f065f10, 4, 0;
    %pushi/vec4 0, 0, 256;
    %load/vec4 v0x55555f065e30_0;
    %muli 16, 0, 32;
    %part/s 16;
    %pushi/vec4 64, 0, 32;
    %load/vec4 v0x55555f065e30_0;
    %add;
    %ix/vec4/s 4;
    %store/vec4a v0x55555f065f10, 4, 0;
    %pushi/vec4 0, 0, 256;
    %load/vec4 v0x55555f065e30_0;
    %muli 16, 0, 32;
    %part/s 16;
    %pushi/vec4 80, 0, 32;
    %load/vec4 v0x55555f065e30_0;
    %add;
    %ix/vec4/s 4;
    %store/vec4a v0x55555f065f10, 4, 0;
    %pushi/vec4 0, 0, 256;
    %load/vec4 v0x55555f065e30_0;
    %muli 16, 0, 32;
    %part/s 16;
    %pushi/vec4 96, 0, 32;
    %load/vec4 v0x55555f065e30_0;
    %add;
    %ix/vec4/s 4;
    %store/vec4a v0x55555f065f10, 4, 0;
    %pushi/vec4 0, 0, 256;
    %load/vec4 v0x55555f065e30_0;
    %muli 16, 0, 32;
    %part/s 16;
    %pushi/vec4 112, 0, 32;
    %load/vec4 v0x55555f065e30_0;
    %add;
    %ix/vec4/s 4;
    %store/vec4a v0x55555f065f10, 4, 0;
    %pushi/vec4 0, 0, 256;
    %load/vec4 v0x55555f065e30_0;
    %muli 16, 0, 32;
    %part/s 16;
    %pushi/vec4 128, 0, 32;
    %load/vec4 v0x55555f065e30_0;
    %add;
    %ix/vec4/s 4;
    %store/vec4a v0x55555f065f10, 4, 0;
    %pushi/vec4 0, 0, 256;
    %load/vec4 v0x55555f065e30_0;
    %muli 16, 0, 32;
    %part/s 16;
    %pushi/vec4 144, 0, 32;
    %load/vec4 v0x55555f065e30_0;
    %add;
    %ix/vec4/s 4;
    %store/vec4a v0x55555f065f10, 4, 0;
    %pushi/vec4 0, 0, 256;
    %load/vec4 v0x55555f065e30_0;
    %muli 16, 0, 32;
    %part/s 16;
    %pushi/vec4 160, 0, 32;
    %load/vec4 v0x55555f065e30_0;
    %add;
    %ix/vec4/s 4;
    %store/vec4a v0x55555f065f10, 4, 0;
    %pushi/vec4 0, 0, 256;
    %load/vec4 v0x55555f065e30_0;
    %muli 16, 0, 32;
    %part/s 16;
    %pushi/vec4 176, 0, 32;
    %load/vec4 v0x55555f065e30_0;
    %add;
    %ix/vec4/s 4;
    %store/vec4a v0x55555f065f10, 4, 0;
    %pushi/vec4 0, 0, 256;
    %load/vec4 v0x55555f065e30_0;
    %muli 16, 0, 32;
    %part/s 16;
    %pushi/vec4 192, 0, 32;
    %load/vec4 v0x55555f065e30_0;
    %add;
    %ix/vec4/s 4;
    %store/vec4a v0x55555f065f10, 4, 0;
    %pushi/vec4 0, 0, 256;
    %load/vec4 v0x55555f065e30_0;
    %muli 16, 0, 32;
    %part/s 16;
    %pushi/vec4 208, 0, 32;
    %load/vec4 v0x55555f065e30_0;
    %add;
    %ix/vec4/s 4;
    %store/vec4a v0x55555f065f10, 4, 0;
    %pushi/vec4 0, 0, 256;
    %load/vec4 v0x55555f065e30_0;
    %muli 16, 0, 32;
    %part/s 16;
    %pushi/vec4 224, 0, 32;
    %load/vec4 v0x55555f065e30_0;
    %add;
    %ix/vec4/s 4;
    %store/vec4a v0x55555f065f10, 4, 0;
    %pushi/vec4 0, 0, 256;
    %load/vec4 v0x55555f065e30_0;
    %muli 16, 0, 32;
    %part/s 16;
    %pushi/vec4 240, 0, 32;
    %load/vec4 v0x55555f065e30_0;
    %add;
    %ix/vec4/s 4;
    %store/vec4a v0x55555f065f10, 4, 0;
T_5.2 ; for-loop step statement
    %load/vec4 v0x55555f065e30_0;
    %addi 1, 0, 32;
    %store/vec4 v0x55555f065e30_0, 0, 32;
    %jmp T_5.0;
T_5.1 ; for-loop exit label
    %end;
    .thread T_5;
    .scope S_0x55555ee351a0;
T_6 ;
    %wait E_0x55555f03aab0;
    %load/vec4 v0x55555f065c90_0;
    %flag_set/vec4 9;
    %flag_get/vec4 9;
    %jmp/0 T_6.2, 9;
    %load/vec4 v0x55555f065a10_0;
    %and;
T_6.2;
    %flag_set/vec4 8;
    %jmp/0xz  T_6.0, 8;
    %load/vec4 v0x55555f065d50_0;
    %parti/s 1, 0, 2;
    %nor/r;
    %flag_set/vec4 8;
    %jmp/0xz  T_6.3, 8;
    %load/vec4 v0x55555f065bb0_0;
    %parti/s 1, 0, 2;
    %load/vec4 v0x55555f065870_0;
    %parti/s 8, 0, 2;
    %pad/u 10;
    %ix/vec4 3;
    %ix/load 4, 0, 0; Constant delay
    %assign/vec4/a/d v0x55555f065f10, 0, 4;
T_6.3 ;
    %load/vec4 v0x55555f065d50_0;
    %parti/s 1, 1, 2;
    %nor/r;
    %flag_set/vec4 8;
    %jmp/0xz  T_6.5, 8;
    %load/vec4 v0x55555f065bb0_0;
    %parti/s 1, 1, 2;
    %load/vec4 v0x55555f065870_0;
    %parti/s 8, 0, 2;
    %pad/u 10;
    %ix/vec4 3;
    %ix/load 4, 1, 0; part off
    %ix/load 5, 0, 0; Constant delay
    %assign/vec4/a/d v0x55555f065f10, 4, 5;
T_6.5 ;
    %load/vec4 v0x55555f065d50_0;
    %parti/s 1, 2, 3;
    %nor/r;
    %flag_set/vec4 8;
    %jmp/0xz  T_6.7, 8;
    %load/vec4 v0x55555f065bb0_0;
    %parti/s 1, 2, 3;
    %load/vec4 v0x55555f065870_0;
    %parti/s 8, 0, 2;
    %pad/u 10;
    %ix/vec4 3;
    %ix/load 4, 2, 0; part off
    %ix/load 5, 0, 0; Constant delay
    %assign/vec4/a/d v0x55555f065f10, 4, 5;
T_6.7 ;
    %load/vec4 v0x55555f065d50_0;
    %parti/s 1, 3, 3;
    %nor/r;
    %flag_set/vec4 8;
    %jmp/0xz  T_6.9, 8;
    %load/vec4 v0x55555f065bb0_0;
    %parti/s 1, 3, 3;
    %load/vec4 v0x55555f065870_0;
    %parti/s 8, 0, 2;
    %pad/u 10;
    %ix/vec4 3;
    %ix/load 4, 3, 0; part off
    %ix/load 5, 0, 0; Constant delay
    %assign/vec4/a/d v0x55555f065f10, 4, 5;
T_6.9 ;
    %load/vec4 v0x55555f065d50_0;
    %parti/s 1, 4, 4;
    %nor/r;
    %flag_set/vec4 8;
    %jmp/0xz  T_6.11, 8;
    %load/vec4 v0x55555f065bb0_0;
    %parti/s 1, 4, 4;
    %load/vec4 v0x55555f065870_0;
    %parti/s 8, 0, 2;
    %pad/u 10;
    %ix/vec4 3;
    %ix/load 4, 4, 0; part off
    %ix/load 5, 0, 0; Constant delay
    %assign/vec4/a/d v0x55555f065f10, 4, 5;
T_6.11 ;
    %load/vec4 v0x55555f065d50_0;
    %parti/s 1, 5, 4;
    %nor/r;
    %flag_set/vec4 8;
    %jmp/0xz  T_6.13, 8;
    %load/vec4 v0x55555f065bb0_0;
    %parti/s 1, 5, 4;
    %load/vec4 v0x55555f065870_0;
    %parti/s 8, 0, 2;
    %pad/u 10;
    %ix/vec4 3;
    %ix/load 4, 5, 0; part off
    %ix/load 5, 0, 0; Constant delay
    %assign/vec4/a/d v0x55555f065f10, 4, 5;
T_6.13 ;
    %load/vec4 v0x55555f065d50_0;
    %parti/s 1, 6, 4;
    %nor/r;
    %flag_set/vec4 8;
    %jmp/0xz  T_6.15, 8;
    %load/vec4 v0x55555f065bb0_0;
    %parti/s 1, 6, 4;
    %load/vec4 v0x55555f065870_0;
    %parti/s 8, 0, 2;
    %pad/u 10;
    %ix/vec4 3;
    %ix/load 4, 6, 0; part off
    %ix/load 5, 0, 0; Constant delay
    %assign/vec4/a/d v0x55555f065f10, 4, 5;
T_6.15 ;
    %load/vec4 v0x55555f065d50_0;
    %parti/s 1, 7, 4;
    %nor/r;
    %flag_set/vec4 8;
    %jmp/0xz  T_6.17, 8;
    %load/vec4 v0x55555f065bb0_0;
    %parti/s 1, 7, 4;
    %load/vec4 v0x55555f065870_0;
    %parti/s 8, 0, 2;
    %pad/u 10;
    %ix/vec4 3;
    %ix/load 4, 7, 0; part off
    %ix/load 5, 0, 0; Constant delay
    %assign/vec4/a/d v0x55555f065f10, 4, 5;
T_6.17 ;
    %load/vec4 v0x55555f065d50_0;
    %parti/s 1, 8, 5;
    %nor/r;
    %flag_set/vec4 8;
    %jmp/0xz  T_6.19, 8;
    %load/vec4 v0x55555f065bb0_0;
    %parti/s 1, 8, 5;
    %load/vec4 v0x55555f065870_0;
    %parti/s 8, 0, 2;
    %pad/u 10;
    %ix/vec4 3;
    %ix/load 4, 8, 0; part off
    %ix/load 5, 0, 0; Constant delay
    %assign/vec4/a/d v0x55555f065f10, 4, 5;
T_6.19 ;
    %load/vec4 v0x55555f065d50_0;
    %parti/s 1, 9, 5;
    %nor/r;
    %flag_set/vec4 8;
    %jmp/0xz  T_6.21, 8;
    %load/vec4 v0x55555f065bb0_0;
    %parti/s 1, 9, 5;
    %load/vec4 v0x55555f065870_0;
    %parti/s 8, 0, 2;
    %pad/u 10;
    %ix/vec4 3;
    %ix/load 4, 9, 0; part off
    %ix/load 5, 0, 0; Constant delay
    %assign/vec4/a/d v0x55555f065f10, 4, 5;
T_6.21 ;
    %load/vec4 v0x55555f065d50_0;
    %parti/s 1, 10, 5;
    %nor/r;
    %flag_set/vec4 8;
    %jmp/0xz  T_6.23, 8;
    %load/vec4 v0x55555f065bb0_0;
    %parti/s 1, 10, 5;
    %load/vec4 v0x55555f065870_0;
    %parti/s 8, 0, 2;
    %pad/u 10;
    %ix/vec4 3;
    %ix/load 4, 10, 0; part off
    %ix/load 5, 0, 0; Constant delay
    %assign/vec4/a/d v0x55555f065f10, 4, 5;
T_6.23 ;
    %load/vec4 v0x55555f065d50_0;
    %parti/s 1, 11, 5;
    %nor/r;
    %flag_set/vec4 8;
    %jmp/0xz  T_6.25, 8;
    %load/vec4 v0x55555f065bb0_0;
    %parti/s 1, 11, 5;
    %load/vec4 v0x55555f065870_0;
    %parti/s 8, 0, 2;
    %pad/u 10;
    %ix/vec4 3;
    %ix/load 4, 11, 0; part off
    %ix/load 5, 0, 0; Constant delay
    %assign/vec4/a/d v0x55555f065f10, 4, 5;
T_6.25 ;
    %load/vec4 v0x55555f065d50_0;
    %parti/s 1, 12, 5;
    %nor/r;
    %flag_set/vec4 8;
    %jmp/0xz  T_6.27, 8;
    %load/vec4 v0x55555f065bb0_0;
    %parti/s 1, 12, 5;
    %load/vec4 v0x55555f065870_0;
    %parti/s 8, 0, 2;
    %pad/u 10;
    %ix/vec4 3;
    %ix/load 4, 12, 0; part off
    %ix/load 5, 0, 0; Constant delay
    %assign/vec4/a/d v0x55555f065f10, 4, 5;
T_6.27 ;
    %load/vec4 v0x55555f065d50_0;
    %parti/s 1, 13, 5;
    %nor/r;
    %flag_set/vec4 8;
    %jmp/0xz  T_6.29, 8;
    %load/vec4 v0x55555f065bb0_0;
    %parti/s 1, 13, 5;
    %load/vec4 v0x55555f065870_0;
    %parti/s 8, 0, 2;
    %pad/u 10;
    %ix/vec4 3;
    %ix/load 4, 13, 0; part off
    %ix/load 5, 0, 0; Constant delay
    %assign/vec4/a/d v0x55555f065f10, 4, 5;
T_6.29 ;
    %load/vec4 v0x55555f065d50_0;
    %parti/s 1, 14, 5;
    %nor/r;
    %flag_set/vec4 8;
    %jmp/0xz  T_6.31, 8;
    %load/vec4 v0x55555f065bb0_0;
    %parti/s 1, 14, 5;
    %load/vec4 v0x55555f065870_0;
    %parti/s 8, 0, 2;
    %pad/u 10;
    %ix/vec4 3;
    %ix/load 4, 14, 0; part off
    %ix/load 5, 0, 0; Constant delay
    %assign/vec4/a/d v0x55555f065f10, 4, 5;
T_6.31 ;
    %load/vec4 v0x55555f065d50_0;
    %parti/s 1, 15, 5;
    %nor/r;
    %flag_set/vec4 8;
    %jmp/0xz  T_6.33, 8;
    %load/vec4 v0x55555f065bb0_0;
    %parti/s 1, 15, 5;
    %load/vec4 v0x55555f065870_0;
    %parti/s 8, 0, 2;
    %pad/u 10;
    %ix/vec4 3;
    %ix/load 4, 15, 0; part off
    %ix/load 5, 0, 0; Constant delay
    %assign/vec4/a/d v0x55555f065f10, 4, 5;
T_6.33 ;
T_6.0 ;
    %jmp T_6;
    .thread T_6;
    .scope S_0x55555ee351a0;
T_7 ;
    %wait E_0x55555f03a660;
    %load/vec4 v0x55555f0656d0_0;
    %flag_set/vec4 9;
    %flag_get/vec4 9;
    %jmp/0 T_7.2, 9;
    %load/vec4 v0x55555f065400_0;
    %and;
T_7.2;
    %flag_set/vec4 8;
    %jmp/0xz  T_7.0, 8;
    %load/vec4 v0x55555f065280_0;
    %parti/s 8, 0, 2;
    %pad/u 10;
    %ix/vec4 4;
    %load/vec4a v0x55555f065f10, 4;
    %load/vec4 v0x55555f065790_0;
    %inv;
    %and;
    %assign/vec4 v0x55555f0655f0_0, 0;
T_7.0 ;
    %jmp T_7;
    .thread T_7;
    .scope S_0x55555f025a30;
T_8 ;
    %pushi/vec4 0, 0, 1;
    %store/vec4 v0x55555f06f400_0, 0, 1;
    %end;
    .thread T_8;
    .scope S_0x55555f025a30;
T_9 ;
    %wait E_0x55555f03ae70;
    %load/vec4 v0x55555f06f340_0;
    %assign/vec4 v0x55555f06f400_0, 0;
    %jmp T_9;
    .thread T_9;
    .scope S_0x55555f026dc0;
T_10 ;
    %pushi/vec4 0, 0, 1;
    %store/vec4 v0x55555f06f7b0_0, 0, 1;
    %end;
    .thread T_10;
    .scope S_0x55555f026dc0;
T_11 ;
    %wait E_0x55555f04b6f0;
    %load/vec4 v0x55555f06f6e0_0;
    %flag_set/vec4 8;
    %jmp/0xz  T_11.0, 8;
    %load/vec4 v0x55555f06f620_0;
    %assign/vec4 v0x55555f06f7b0_0, 0;
T_11.0 ;
    %jmp T_11;
    .thread T_11;
    .scope S_0x55555f0625c0;
T_12 ;
    %pushi/vec4 0, 0, 1;
    %store/vec4 v0x55555f06fba0_0, 0, 1;
    %end;
    .thread T_12;
    .scope S_0x55555f0625c0;
T_13 ;
    %wait E_0x55555f04c480;
    %load/vec4 v0x55555f06fc60_0;
    %flag_set/vec4 8;
    %jmp/0xz  T_13.0, 8;
    %pushi/vec4 0, 0, 1;
    %assign/vec4 v0x55555f06fba0_0, 0;
    %jmp T_13.1;
T_13.0 ;
    %load/vec4 v0x55555f06fb00_0;
    %flag_set/vec4 8;
    %jmp/0xz  T_13.2, 8;
    %load/vec4 v0x55555f06fa40_0;
    %assign/vec4 v0x55555f06fba0_0, 0;
T_13.2 ;
T_13.1 ;
    %jmp T_13;
    .thread T_13;
    .scope S_0x55555f0618e0;
T_14 ;
    %pushi/vec4 0, 0, 1;
    %store/vec4 v0x55555f0700d0_0, 0, 1;
    %end;
    .thread T_14;
    .scope S_0x55555f0618e0;
T_15 ;
    %wait E_0x55555f06fe10;
    %load/vec4 v0x55555f070190_0;
    %flag_set/vec4 8;
    %jmp/0xz  T_15.0, 8;
    %pushi/vec4 1, 0, 1;
    %assign/vec4 v0x55555f0700d0_0, 0;
    %jmp T_15.1;
T_15.0 ;
    %load/vec4 v0x55555f070030_0;
    %flag_set/vec4 8;
    %jmp/0xz  T_15.2, 8;
    %load/vec4 v0x55555f06ff70_0;
    %assign/vec4 v0x55555f0700d0_0, 0;
T_15.2 ;
T_15.1 ;
    %jmp T_15;
    .thread T_15;
    .scope S_0x55555f04ce70;
T_16 ;
    %pushi/vec4 0, 0, 1;
    %store/vec4 v0x55555f070600_0, 0, 1;
    %end;
    .thread T_16;
    .scope S_0x55555f04ce70;
T_17 ;
    %wait E_0x55555f070340;
    %load/vec4 v0x55555f070560_0;
    %flag_set/vec4 8;
    %jmp/0xz  T_17.0, 8;
    %load/vec4 v0x55555f0706c0_0;
    %flag_set/vec4 8;
    %jmp/0xz  T_17.2, 8;
    %pushi/vec4 0, 0, 1;
    %assign/vec4 v0x55555f070600_0, 0;
    %jmp T_17.3;
T_17.2 ;
    %load/vec4 v0x55555f0704a0_0;
    %assign/vec4 v0x55555f070600_0, 0;
T_17.3 ;
T_17.0 ;
    %jmp T_17;
    .thread T_17;
    .scope S_0x55555f04ca80;
T_18 ;
    %pushi/vec4 0, 0, 1;
    %store/vec4 v0x55555f070b30_0, 0, 1;
    %end;
    .thread T_18;
    .scope S_0x55555f04ca80;
T_19 ;
    %wait E_0x55555f070870;
    %load/vec4 v0x55555f070a90_0;
    %flag_set/vec4 8;
    %jmp/0xz  T_19.0, 8;
    %load/vec4 v0x55555f070bf0_0;
    %flag_set/vec4 8;
    %jmp/0xz  T_19.2, 8;
    %pushi/vec4 1, 0, 1;
    %assign/vec4 v0x55555f070b30_0, 0;
    %jmp T_19.3;
T_19.2 ;
    %load/vec4 v0x55555f0709d0_0;
    %assign/vec4 v0x55555f070b30_0, 0;
T_19.3 ;
T_19.0 ;
    %jmp T_19;
    .thread T_19;
    .scope S_0x55555f03b050;
T_20 ;
    %pushi/vec4 0, 0, 1;
    %store/vec4 v0x55555f070fc0_0, 0, 1;
    %end;
    .thread T_20;
    .scope S_0x55555f03b050;
T_21 ;
    %wait E_0x55555f070da0;
    %load/vec4 v0x55555f070f00_0;
    %assign/vec4 v0x55555f070fc0_0, 0;
    %jmp T_21;
    .thread T_21;
    .scope S_0x55555f03ac60;
T_22 ;
    %pushi/vec4 0, 0, 1;
    %store/vec4 v0x55555f0713b0_0, 0, 1;
    %end;
    .thread T_22;
    .scope S_0x55555f03ac60;
T_23 ;
    %wait E_0x55555f0710e0;
    %load/vec4 v0x55555f0712e0_0;
    %flag_set/vec4 8;
    %jmp/0xz  T_23.0, 8;
    %load/vec4 v0x55555f071220_0;
    %assign/vec4 v0x55555f0713b0_0, 0;
T_23.0 ;
    %jmp T_23;
    .thread T_23;
    .scope S_0x55555f0294f0;
T_24 ;
    %pushi/vec4 0, 0, 1;
    %store/vec4 v0x55555f0717e0_0, 0, 1;
    %end;
    .thread T_24;
    .scope S_0x55555f0294f0;
T_25 ;
    %wait E_0x55555f071520;
    %load/vec4 v0x55555f0718a0_0;
    %flag_set/vec4 8;
    %jmp/0xz  T_25.0, 8;
    %pushi/vec4 0, 0, 1;
    %assign/vec4 v0x55555f0717e0_0, 0;
    %jmp T_25.1;
T_25.0 ;
    %load/vec4 v0x55555f071740_0;
    %flag_set/vec4 8;
    %jmp/0xz  T_25.2, 8;
    %load/vec4 v0x55555f071680_0;
    %assign/vec4 v0x55555f0717e0_0, 0;
T_25.2 ;
T_25.1 ;
    %jmp T_25;
    .thread T_25;
    .scope S_0x55555f029100;
T_26 ;
    %pushi/vec4 0, 0, 1;
    %store/vec4 v0x55555f071d10_0, 0, 1;
    %end;
    .thread T_26;
    .scope S_0x55555f029100;
T_27 ;
    %wait E_0x55555f071a50;
    %load/vec4 v0x55555f071dd0_0;
    %flag_set/vec4 8;
    %jmp/0xz  T_27.0, 8;
    %pushi/vec4 1, 0, 1;
    %assign/vec4 v0x55555f071d10_0, 0;
    %jmp T_27.1;
T_27.0 ;
    %load/vec4 v0x55555f071c70_0;
    %flag_set/vec4 8;
    %jmp/0xz  T_27.2, 8;
    %load/vec4 v0x55555f071bb0_0;
    %assign/vec4 v0x55555f071d10_0, 0;
T_27.2 ;
T_27.1 ;
    %jmp T_27;
    .thread T_27;
    .scope S_0x55555f028930;
T_28 ;
    %pushi/vec4 0, 0, 1;
    %store/vec4 v0x55555f072240_0, 0, 1;
    %end;
    .thread T_28;
    .scope S_0x55555f028930;
T_29 ;
    %wait E_0x55555f071f80;
    %load/vec4 v0x55555f0721a0_0;
    %flag_set/vec4 8;
    %jmp/0xz  T_29.0, 8;
    %load/vec4 v0x55555f072300_0;
    %flag_set/vec4 8;
    %jmp/0xz  T_29.2, 8;
    %pushi/vec4 0, 0, 1;
    %assign/vec4 v0x55555f072240_0, 0;
    %jmp T_29.3;
T_29.2 ;
    %load/vec4 v0x55555f0720e0_0;
    %assign/vec4 v0x55555f072240_0, 0;
T_29.3 ;
T_29.0 ;
    %jmp T_29;
    .thread T_29;
    .scope S_0x55555f023740;
T_30 ;
    %pushi/vec4 0, 0, 1;
    %store/vec4 v0x55555f072770_0, 0, 1;
    %end;
    .thread T_30;
    .scope S_0x55555f023740;
T_31 ;
    %wait E_0x55555f0724b0;
    %load/vec4 v0x55555f0726d0_0;
    %flag_set/vec4 8;
    %jmp/0xz  T_31.0, 8;
    %load/vec4 v0x55555f072830_0;
    %flag_set/vec4 8;
    %jmp/0xz  T_31.2, 8;
    %pushi/vec4 1, 0, 1;
    %assign/vec4 v0x55555f072770_0, 0;
    %jmp T_31.3;
T_31.2 ;
    %load/vec4 v0x55555f072610_0;
    %assign/vec4 v0x55555f072770_0, 0;
T_31.3 ;
T_31.0 ;
    %jmp T_31;
    .thread T_31;
    .scope S_0x55555f01dd30;
T_32 ;
    %pushi/vec4 0, 0, 1;
    %store/vec4 v0x55555f072c00_0, 0, 1;
    %end;
    .thread T_32;
    .scope S_0x55555f01dd30;
T_33 ;
    %wait E_0x55555f0729e0;
    %load/vec4 v0x55555f072ca0_0;
    %flag_set/vec4 8;
    %jmp/0xz  T_33.0, 8;
    %pushi/vec4 0, 0, 1;
    %assign/vec4 v0x55555f072c00_0, 0;
    %jmp T_33.1;
T_33.0 ;
    %load/vec4 v0x55555f072b40_0;
    %assign/vec4 v0x55555f072c00_0, 0;
T_33.1 ;
    %jmp T_33;
    .thread T_33;
    .scope S_0x55555f005970;
T_34 ;
    %pushi/vec4 0, 0, 1;
    %store/vec4 v0x55555f073030_0, 0, 1;
    %end;
    .thread T_34;
    .scope S_0x55555f005970;
T_35 ;
    %wait E_0x55555f072e10;
    %load/vec4 v0x55555f0730d0_0;
    %flag_set/vec4 8;
    %jmp/0xz  T_35.0, 8;
    %pushi/vec4 1, 0, 1;
    %assign/vec4 v0x55555f073030_0, 0;
    %jmp T_35.1;
T_35.0 ;
    %load/vec4 v0x55555f072f70_0;
    %assign/vec4 v0x55555f073030_0, 0;
T_35.1 ;
    %jmp T_35;
    .thread T_35;
    .scope S_0x55555f005580;
T_36 ;
    %pushi/vec4 0, 0, 1;
    %store/vec4 v0x55555f073460_0, 0, 1;
    %end;
    .thread T_36;
    .scope S_0x55555f005580;
T_37 ;
    %wait E_0x55555f073240;
    %load/vec4 v0x55555f073500_0;
    %flag_set/vec4 8;
    %jmp/0xz  T_37.0, 8;
    %pushi/vec4 0, 0, 1;
    %assign/vec4 v0x55555f073460_0, 0;
    %jmp T_37.1;
T_37.0 ;
    %load/vec4 v0x55555f0733a0_0;
    %assign/vec4 v0x55555f073460_0, 0;
T_37.1 ;
    %jmp T_37;
    .thread T_37;
    .scope S_0x55555f002680;
T_38 ;
    %pushi/vec4 0, 0, 1;
    %store/vec4 v0x55555f073890_0, 0, 1;
    %end;
    .thread T_38;
    .scope S_0x55555f002680;
T_39 ;
    %wait E_0x55555f073670;
    %load/vec4 v0x55555f073930_0;
    %flag_set/vec4 8;
    %jmp/0xz  T_39.0, 8;
    %pushi/vec4 1, 0, 1;
    %assign/vec4 v0x55555f073890_0, 0;
    %jmp T_39.1;
T_39.0 ;
    %load/vec4 v0x55555f0737d0_0;
    %assign/vec4 v0x55555f073890_0, 0;
T_39.1 ;
    %jmp T_39;
    .thread T_39;
    .scope S_0x55555f002290;
T_40 ;
    %pushi/vec4 0, 0, 1;
    %store/vec4 v0x55555f073cc0_0, 0, 1;
    %end;
    .thread T_40;
    .scope S_0x55555f002290;
T_41 ;
    %wait E_0x55555f073aa0;
    %load/vec4 v0x55555f073d60_0;
    %flag_set/vec4 8;
    %jmp/0xz  T_41.0, 8;
    %pushi/vec4 0, 0, 1;
    %assign/vec4 v0x55555f073cc0_0, 0;
    %jmp T_41.1;
T_41.0 ;
    %load/vec4 v0x55555f073c00_0;
    %assign/vec4 v0x55555f073cc0_0, 0;
T_41.1 ;
    %jmp T_41;
    .thread T_41;
    .scope S_0x55555effc610;
T_42 ;
    %pushi/vec4 0, 0, 1;
    %store/vec4 v0x55555f0740f0_0, 0, 1;
    %end;
    .thread T_42;
    .scope S_0x55555effc610;
T_43 ;
    %wait E_0x55555f073ed0;
    %load/vec4 v0x55555f074190_0;
    %flag_set/vec4 8;
    %jmp/0xz  T_43.0, 8;
    %pushi/vec4 1, 0, 1;
    %assign/vec4 v0x55555f0740f0_0, 0;
    %jmp T_43.1;
T_43.0 ;
    %load/vec4 v0x55555f074030_0;
    %assign/vec4 v0x55555f0740f0_0, 0;
T_43.1 ;
    %jmp T_43;
    .thread T_43;
    .scope S_0x55555efff2b0;
T_44 ;
    %pushi/vec4 0, 0, 1;
    %store/vec4 v0x55555f074520_0, 0, 1;
    %end;
    .thread T_44;
    .scope S_0x55555efff2b0;
T_45 ;
    %wait E_0x55555f074300;
    %load/vec4 v0x55555f0745c0_0;
    %flag_set/vec4 8;
    %jmp/0xz  T_45.0, 8;
    %pushi/vec4 0, 0, 1;
    %assign/vec4 v0x55555f074520_0, 0;
    %jmp T_45.1;
T_45.0 ;
    %load/vec4 v0x55555f074460_0;
    %assign/vec4 v0x55555f074520_0, 0;
T_45.1 ;
    %jmp T_45;
    .thread T_45;
    .scope S_0x55555effeec0;
T_46 ;
    %pushi/vec4 0, 0, 1;
    %store/vec4 v0x55555f074950_0, 0, 1;
    %end;
    .thread T_46;
    .scope S_0x55555effeec0;
T_47 ;
    %wait E_0x55555f074730;
    %load/vec4 v0x55555f0749f0_0;
    %flag_set/vec4 8;
    %jmp/0xz  T_47.0, 8;
    %pushi/vec4 1, 0, 1;
    %assign/vec4 v0x55555f074950_0, 0;
    %jmp T_47.1;
T_47.0 ;
    %load/vec4 v0x55555f074890_0;
    %assign/vec4 v0x55555f074950_0, 0;
T_47.1 ;
    %jmp T_47;
    .thread T_47;
    .scope S_0x55555f075420;
T_48 ;
    %wait E_0x55555f075740;
    %load/vec4 v0x55555f076120_0;
    %assign/vec4 v0x55555f0761e0_0, 0;
    %jmp T_48;
    .thread T_48;
    .scope S_0x55555f075420;
T_49 ;
    %wait E_0x55555f075740;
    %load/vec4 v0x55555f076120_0;
    %flag_set/vec4 8;
    %jmp/0xz  T_49.0, 8;
    %load/vec4 v0x55555f075ec0_0;
    %assign/vec4 v0x55555f0765f0_0, 0;
T_49.0 ;
    %jmp T_49;
    .thread T_49;
    .scope S_0x55555f075420;
T_50 ;
    %wait E_0x55555f0756e0;
    %load/vec4 v0x55555f0761e0_0;
    %flag_set/vec4 8;
    %jmp/0xz  T_50.0, 8;
    %load/vec4 v0x55555f075ec0_0;
    %assign/vec4 v0x55555f0766b0_0, 0;
T_50.0 ;
    %jmp T_50;
    .thread T_50;
    .scope S_0x55555f075420;
T_51 ;
    %wait E_0x55555f075600;
    %load/vec4 v0x55555f076120_0;
    %assign/vec4 v0x55555f0762a0_0, 0;
    %jmp T_51;
    .thread T_51;
    .scope S_0x55555f075420;
T_52 ;
    %wait E_0x55555f075600;
    %load/vec4 v0x55555f076120_0;
    %flag_set/vec4 8;
    %jmp/0xz  T_52.0, 8;
    %load/vec4 v0x55555f0759f0_0;
    %assign/vec4 v0x55555f076830_0, 0;
T_52.0 ;
    %jmp T_52;
    .thread T_52;
    .scope S_0x55555f075420;
T_53 ;
    %wait E_0x55555f075680;
    %load/vec4 v0x55555f0762a0_0;
    %flag_set/vec4 8;
    %jmp/0xz  T_53.0, 8;
    %load/vec4 v0x55555f075ab0_0;
    %assign/vec4 v0x55555f0768f0_0, 0;
T_53.0 ;
    %jmp T_53;
    .thread T_53;
    .scope S_0x55555f075420;
T_54 ;
    %wait E_0x55555f075600;
    %load/vec4 v0x55555f076120_0;
    %flag_set/vec4 8;
    %jmp/0xz  T_54.0, 8;
    %load/vec4 v0x55555f075e00_0;
    %assign/vec4 v0x55555f076b30_0, 0;
T_54.0 ;
    %jmp T_54;
    .thread T_54;
    .scope S_0x55555f074d60;
T_55 ;
    %wait E_0x55555f075390;
    %load/vec4 v0x55555f0765f0_0;
    %store/vec4 v0x55555f076360_0, 0, 1;
    %load/vec4 v0x55555f0766b0_0;
    %store/vec4 v0x55555f076420_0, 0, 1;
    %jmp T_55;
    .thread T_55, $push;
    .scope S_0x55555f074d60;
T_56 ;
    %wait E_0x55555f075330;
    %load/vec4 v0x55555f075d40_0;
    %assign/vec4 v0x55555f0769b0_0, 0;
    %jmp T_56;
    .thread T_56, $push;
    .scope S_0x55555f074d60;
T_57 ;
    %wait E_0x55555f0752d0;
    %load/vec4 v0x55555f0769b0_0;
    %assign/vec4 v0x55555f076a70_0, 0;
    %jmp T_57;
    .thread T_57, $push;
    .scope S_0x55555f074d60;
T_58 ;
    %wait E_0x55555f075270;
    %load/vec4 v0x55555f076a70_0;
    %pushi/vec4 0, 0, 1;
    %xor;
    %flag_set/vec4 8;
    %jmp/1 T_58.2, 8;
    %pushi/vec4 0, 0, 1;
    %flag_set/vec4 9;
    %flag_or 8, 9;
T_58.2;
    %jmp/0 T_58.0, 8;
    %load/vec4 v0x55555f076830_0;
    %jmp/1 T_58.1, 8;
T_58.0 ; End of true expr.
    %load/vec4 v0x55555f0768f0_0;
    %jmp/0 T_58.1, 8;
 ; End of false expr.
    %blend;
T_58.1;
    %store/vec4 v0x55555f076770_0, 0, 1;
    %jmp T_58;
    .thread T_58, $push;
    .scope S_0x55555f07a5e0;
T_59 ;
    %wait E_0x55555f07a8b0;
    %load/vec4 v0x55555f07a940_0;
    %flag_set/vec4 8;
    %jmp/0xz  T_59.0, 8;
    %load/vec4 v0x55555f07b030_0;
    %assign/vec4 v0x55555f07b3f0_0, 0;
T_59.0 ;
    %jmp T_59;
    .thread T_59;
    .scope S_0x55555f07a5e0;
T_60 ;
    %wait E_0x55555f07a850;
    %load/vec4 v0x55555f07a940_0;
    %flag_set/vec4 8;
    %jmp/0xz  T_60.0, 8;
    %load/vec4 v0x55555f07b030_0;
    %assign/vec4 v0x55555f07b4b0_0, 0;
T_60.0 ;
    %jmp T_60;
    .thread T_60;
    .scope S_0x55555f07a5e0;
T_61 ;
    %wait E_0x55555f07a770;
    %load/vec4 v0x55555f07a940_0;
    %flag_set/vec4 8;
    %jmp/0xz  T_61.0, 8;
    %load/vec4 v0x55555f07ab60_0;
    %assign/vec4 v0x55555f07b630_0, 0;
T_61.0 ;
    %jmp T_61;
    .thread T_61;
    .scope S_0x55555f07a5e0;
T_62 ;
    %wait E_0x55555f07a7f0;
    %load/vec4 v0x55555f07a940_0;
    %flag_set/vec4 8;
    %jmp/0xz  T_62.0, 8;
    %load/vec4 v0x55555f07ac20_0;
    %assign/vec4 v0x55555f07b6f0_0, 0;
T_62.0 ;
    %jmp T_62;
    .thread T_62;
    .scope S_0x55555f07a5e0;
T_63 ;
    %wait E_0x55555f07a770;
    %load/vec4 v0x55555f07a940_0;
    %flag_set/vec4 8;
    %jmp/0xz  T_63.0, 8;
    %load/vec4 v0x55555f07af70_0;
    %assign/vec4 v0x55555f07b930_0, 0;
T_63.0 ;
    %jmp T_63;
    .thread T_63;
    .scope S_0x55555efd0e50;
T_64 ;
    %wait E_0x55555f07a550;
    %load/vec4 v0x55555f07b3f0_0;
    %store/vec4 v0x55555f07b270_0, 0, 1;
    %load/vec4 v0x55555f07b4b0_0;
    %store/vec4 v0x55555f07b330_0, 0, 1;
    %jmp T_64;
    .thread T_64, $push;
    .scope S_0x55555efd0e50;
T_65 ;
    %wait E_0x55555f07a4f0;
    %load/vec4 v0x55555f07aeb0_0;
    %assign/vec4 v0x55555f07b7b0_0, 0;
    %jmp T_65;
    .thread T_65, $push;
    .scope S_0x55555efd0e50;
T_66 ;
    %wait E_0x55555f07a490;
    %load/vec4 v0x55555f07b7b0_0;
    %assign/vec4 v0x55555f07b870_0, 0;
    %jmp T_66;
    .thread T_66, $push;
    .scope S_0x55555efd0e50;
T_67 ;
    %wait E_0x55555f07a410;
    %load/vec4 v0x55555f07b870_0;
    %pushi/vec4 0, 0, 1;
    %xor;
    %flag_set/vec4 8;
    %jmp/1 T_67.2, 8;
    %pushi/vec4 0, 0, 1;
    %flag_set/vec4 9;
    %flag_or 8, 9;
T_67.2;
    %jmp/0 T_67.0, 8;
    %load/vec4 v0x55555f07b630_0;
    %jmp/1 T_67.1, 8;
T_67.0 ; End of true expr.
    %load/vec4 v0x55555f07b6f0_0;
    %jmp/0 T_67.1, 8;
 ; End of false expr.
    %blend;
T_67.1;
    %store/vec4 v0x55555f07b570_0, 0, 1;
    %jmp T_67;
    .thread T_67, $push;
    .scope S_0x55555f07bd40;
T_68 ;
    %wait E_0x55555f07c010;
    %load/vec4 v0x55555f07c0a0_0;
    %flag_set/vec4 8;
    %jmp/0xz  T_68.0, 8;
    %load/vec4 v0x55555f07c790_0;
    %assign/vec4 v0x55555f07c9d0_0, 0;
T_68.0 ;
    %jmp T_68;
    .thread T_68;
    .scope S_0x55555f07bd40;
T_69 ;
    %wait E_0x55555f07bfb0;
    %load/vec4 v0x55555f07c0a0_0;
    %flag_set/vec4 8;
    %jmp/0xz  T_69.0, 8;
    %load/vec4 v0x55555f07c790_0;
    %assign/vec4 v0x55555f07ca90_0, 0;
T_69.0 ;
    %jmp T_69;
    .thread T_69;
    .scope S_0x55555f07bd40;
T_70 ;
    %wait E_0x55555f07bed0;
    %load/vec4 v0x55555f07c0a0_0;
    %flag_set/vec4 8;
    %jmp/0xz  T_70.0, 8;
    %load/vec4 v0x55555f07c2c0_0;
    %assign/vec4 v0x55555f07cc10_0, 0;
T_70.0 ;
    %jmp T_70;
    .thread T_70;
    .scope S_0x55555f07bd40;
T_71 ;
    %wait E_0x55555f07bf50;
    %load/vec4 v0x55555f07c0a0_0;
    %flag_set/vec4 8;
    %jmp/0xz  T_71.0, 8;
    %load/vec4 v0x55555f07c380_0;
    %assign/vec4 v0x55555f07ccd0_0, 0;
T_71.0 ;
    %jmp T_71;
    .thread T_71;
    .scope S_0x55555f07bd40;
T_72 ;
    %wait E_0x55555f07bed0;
    %load/vec4 v0x55555f07c0a0_0;
    %flag_set/vec4 8;
    %jmp/0xz  T_72.0, 8;
    %load/vec4 v0x55555f07c6d0_0;
    %assign/vec4 v0x55555f07d020_0, 0;
T_72.0 ;
    %jmp T_72;
    .thread T_72;
    .scope S_0x55555efd0290;
T_73 ;
    %wait E_0x55555f07bcb0;
    %load/vec4 v0x55555f07c9d0_0;
    %store/vec4 v0x55555f07c850_0, 0, 1;
    %load/vec4 v0x55555f07ca90_0;
    %store/vec4 v0x55555f07c910_0, 0, 1;
    %jmp T_73;
    .thread T_73, $push;
    .scope S_0x55555efd0290;
T_74 ;
    %wait E_0x55555f07bc50;
    %load/vec4 v0x55555f07c610_0;
    %assign/vec4 v0x55555f07cea0_0, 0;
    %jmp T_74;
    .thread T_74, $push;
    .scope S_0x55555efd0290;
T_75 ;
    %wait E_0x55555f07bbf0;
    %load/vec4 v0x55555f07cea0_0;
    %assign/vec4 v0x55555f07cf60_0, 0;
    %jmp T_75;
    .thread T_75, $push;
    .scope S_0x55555efd0290;
T_76 ;
    %wait E_0x55555f07bb70;
    %load/vec4 v0x55555f07cf60_0;
    %pushi/vec4 0, 0, 1;
    %xor;
    %flag_set/vec4 8;
    %jmp/1 T_76.2, 8;
    %pushi/vec4 0, 0, 1;
    %flag_set/vec4 9;
    %flag_or 8, 9;
T_76.2;
    %jmp/0 T_76.0, 8;
    %load/vec4 v0x55555f07cc10_0;
    %jmp/1 T_76.1, 8;
T_76.0 ; End of true expr.
    %load/vec4 v0x55555f07ccd0_0;
    %jmp/0 T_76.1, 8;
 ; End of false expr.
    %blend;
T_76.1;
    %store/vec4 v0x55555f07cb50_0, 0, 1;
    %jmp T_76;
    .thread T_76, $push;
    .scope S_0x55555f00c930;
T_77 ;
    %wait E_0x55555f07fa30;
    %load/vec4 v0x55555f080dc0_0;
    %flag_set/vec4 8;
    %jmp/0xz  T_77.0, 8;
    %pushi/vec4 0, 0, 16;
    %assign/vec4 v0x55555f086a30_0, 0;
    %pushi/vec4 0, 0, 16;
    %assign/vec4 v0x55555f086870_0, 0;
    %jmp T_77.1;
T_77.0 ;
    %load/vec4 v0x55555f0805d0_0;
    %flag_set/vec4 8;
    %jmp/0xz  T_77.2, 8;
    %load/vec4 v0x55555f080690_0;
    %nor/r;
    %flag_set/vec4 8;
    %jmp/0xz  T_77.4, 8;
    %load/vec4 v0x55555f0804f0_0;
    %assign/vec4 v0x55555f086a30_0, 0;
T_77.4 ;
    %load/vec4 v0x55555f07fe80_0;
    %nor/r;
    %flag_set/vec4 8;
    %jmp/0xz  T_77.6, 8;
    %load/vec4 v0x55555f07fac0_0;
    %assign/vec4 v0x55555f086870_0, 0;
T_77.6 ;
T_77.2 ;
T_77.1 ;
    %jmp T_77;
    .thread T_77;
    .scope S_0x55555f00c930;
T_78 ;
    %wait E_0x55555f07f9d0;
    %load/vec4 v0x55555f080d00_0;
    %flag_set/vec4 8;
    %jmp/0xz  T_78.0, 8;
    %pushi/vec4 0, 0, 16;
    %assign/vec4 v0x55555f086950_0, 0;
    %pushi/vec4 0, 0, 16;
    %assign/vec4 v0x55555f086b10_0, 0;
    %jmp T_78.1;
T_78.0 ;
    %load/vec4 v0x55555f0805d0_0;
    %flag_set/vec4 8;
    %jmp/0xz  T_78.2, 8;
    %load/vec4 v0x55555f080270_0;
    %nor/r;
    %flag_set/vec4 8;
    %jmp/0xz  T_78.4, 8;
    %load/vec4 v0x55555f080100_0;
    %assign/vec4 v0x55555f086950_0, 0;
T_78.4 ;
    %load/vec4 v0x55555f080b80_0;
    %nor/r;
    %flag_set/vec4 8;
    %jmp/0xz  T_78.6, 8;
    %load/vec4 v0x55555f080aa0_0;
    %assign/vec4 v0x55555f086b10_0, 0;
T_78.6 ;
T_78.2 ;
T_78.1 ;
    %jmp T_78;
    .thread T_78;
    .scope S_0x55555f00c930;
T_79 ;
    %wait E_0x55555f07fa30;
    %load/vec4 v0x55555f080dc0_0;
    %flag_set/vec4 8;
    %jmp/0xz  T_79.0, 8;
    %pushi/vec4 0, 0, 16;
    %assign/vec4 v0x55555f087400_0, 0;
    %pushi/vec4 0, 0, 16;
    %assign/vec4 v0x55555f0876a0_0, 0;
    %jmp T_79.1;
T_79.0 ;
    %load/vec4 v0x55555f0805d0_0;
    %flag_set/vec4 8;
    %jmp/0xz  T_79.2, 8;
    %load/vec4 v0x55555f0864f0_0;
    %assign/vec4 v0x55555f087400_0, 0;
    %load/vec4 v0x55555f0866b0_0;
    %assign/vec4 v0x55555f0876a0_0, 0;
T_79.2 ;
T_79.1 ;
    %jmp T_79;
    .thread T_79;
    .scope S_0x55555f00c930;
T_80 ;
    %wait E_0x55555f07f9d0;
    %load/vec4 v0x55555f080d00_0;
    %flag_set/vec4 8;
    %jmp/0xz  T_80.0, 8;
    %pushi/vec4 0, 0, 16;
    %assign/vec4 v0x55555f087780_0, 0;
    %pushi/vec4 0, 0, 16;
    %assign/vec4 v0x55555f0874e0_0, 0;
    %jmp T_80.1;
T_80.0 ;
    %load/vec4 v0x55555f0805d0_0;
    %flag_set/vec4 8;
    %jmp/0xz  T_80.2, 8;
    %load/vec4 v0x55555f0865d0_0;
    %assign/vec4 v0x55555f087780_0, 0;
    %load/vec4 v0x55555f086790_0;
    %assign/vec4 v0x55555f0874e0_0, 0;
T_80.2 ;
T_80.1 ;
    %jmp T_80;
    .thread T_80;
    .scope S_0x55555f00c930;
T_81 ;
    %wait E_0x55555f07f9d0;
    %load/vec4 v0x55555f080d00_0;
    %flag_set/vec4 8;
    %jmp/0xz  T_81.0, 8;
    %pushi/vec4 0, 0, 32;
    %assign/vec4 v0x55555f0875c0_0, 0;
    %jmp T_81.1;
T_81.0 ;
    %load/vec4 v0x55555f0805d0_0;
    %flag_set/vec4 8;
    %jmp/0xz  T_81.2, 8;
    %load/vec4 v0x55555f085d10_0;
    %assign/vec4 v0x55555f0875c0_0, 0;
T_81.2 ;
T_81.1 ;
    %jmp T_81;
    .thread T_81;
    .scope S_0x55555f00c930;
T_82 ;
    %wait E_0x55555f07f970;
    %load/vec4 v0x55555f0814a0_0;
    %flag_set/vec4 8;
    %jmp/0xz  T_82.0, 8;
    %pushi/vec4 0, 0, 16;
    %assign/vec4 v0x55555f087860_0, 0;
    %jmp T_82.1;
T_82.0 ;
    %load/vec4 v0x55555f0805d0_0;
    %flag_set/vec4 8;
    %jmp/0xz  T_82.2, 8;
    %load/vec4 v0x55555f0811a0_0;
    %nor/r;
    %flag_set/vec4 8;
    %jmp/0xz  T_82.4, 8;
    %load/vec4 v0x55555f085df0_0;
    %assign/vec4 v0x55555f087860_0, 0;
T_82.4 ;
T_82.2 ;
T_82.1 ;
    %jmp T_82;
    .thread T_82;
    .scope S_0x55555f00c930;
T_83 ;
    %wait E_0x55555f07f8f0;
    %load/vec4 v0x55555f0813e0_0;
    %flag_set/vec4 8;
    %jmp/0xz  T_83.0, 8;
    %pushi/vec4 0, 0, 16;
    %assign/vec4 v0x55555f087940_0, 0;
    %jmp T_83.1;
T_83.0 ;
    %load/vec4 v0x55555f0805d0_0;
    %flag_set/vec4 8;
    %jmp/0xz  T_83.2, 8;
    %load/vec4 v0x55555f0810e0_0;
    %nor/r;
    %flag_set/vec4 8;
    %jmp/0xz  T_83.4, 8;
    %load/vec4 v0x55555f085fb0_0;
    %assign/vec4 v0x55555f087940_0, 0;
T_83.4 ;
T_83.2 ;
T_83.1 ;
    %jmp T_83;
    .thread T_83;
    .scope S_0x55555f08bb00;
T_84 ;
    %pushi/vec4 0, 0, 32;
    %store/vec4 v0x55555f08edb0_0, 0, 32;
T_84.0 ; Top of for-loop 
    %load/vec4 v0x55555f08edb0_0;
    %cmpi/s 16, 0, 32;
    %jmp/0xz T_84.1, 5;
    %pushi/vec4 0, 0, 256;
    %load/vec4 v0x55555f08edb0_0;
    %muli 16, 0, 32;
    %part/s 16;
    %pushi/vec4 0, 0, 32;
    %load/vec4 v0x55555f08edb0_0;
    %add;
    %ix/vec4/s 4;
    %store/vec4a v0x55555f08ee90, 4, 0;
    %pushi/vec4 0, 0, 256;
    %load/vec4 v0x55555f08edb0_0;
    %muli 16, 0, 32;
    %part/s 16;
    %pushi/vec4 16, 0, 32;
    %load/vec4 v0x55555f08edb0_0;
    %add;
    %ix/vec4/s 4;
    %store/vec4a v0x55555f08ee90, 4, 0;
    %pushi/vec4 0, 0, 256;
    %load/vec4 v0x55555f08edb0_0;
    %muli 16, 0, 32;
    %part/s 16;
    %pushi/vec4 32, 0, 32;
    %load/vec4 v0x55555f08edb0_0;
    %add;
    %ix/vec4/s 4;
    %store/vec4a v0x55555f08ee90, 4, 0;
    %pushi/vec4 0, 0, 256;
    %load/vec4 v0x55555f08edb0_0;
    %muli 16, 0, 32;
    %part/s 16;
    %pushi/vec4 48, 0, 32;
    %load/vec4 v0x55555f08edb0_0;
    %add;
    %ix/vec4/s 4;
    %store/vec4a v0x55555f08ee90, 4, 0;
    %pushi/vec4 0, 0, 256;
    %load/vec4 v0x55555f08edb0_0;
    %muli 16, 0, 32;
    %part/s 16;
    %pushi/vec4 64, 0, 32;
    %load/vec4 v0x55555f08edb0_0;
    %add;
    %ix/vec4/s 4;
    %store/vec4a v0x55555f08ee90, 4, 0;
    %pushi/vec4 0, 0, 256;
    %load/vec4 v0x55555f08edb0_0;
    %muli 16, 0, 32;
    %part/s 16;
    %pushi/vec4 80, 0, 32;
    %load/vec4 v0x55555f08edb0_0;
    %add;
    %ix/vec4/s 4;
    %store/vec4a v0x55555f08ee90, 4, 0;
    %pushi/vec4 0, 0, 256;
    %load/vec4 v0x55555f08edb0_0;
    %muli 16, 0, 32;
    %part/s 16;
    %pushi/vec4 96, 0, 32;
    %load/vec4 v0x55555f08edb0_0;
    %add;
    %ix/vec4/s 4;
    %store/vec4a v0x55555f08ee90, 4, 0;
    %pushi/vec4 0, 0, 256;
    %load/vec4 v0x55555f08edb0_0;
    %muli 16, 0, 32;
    %part/s 16;
    %pushi/vec4 112, 0, 32;
    %load/vec4 v0x55555f08edb0_0;
    %add;
    %ix/vec4/s 4;
    %store/vec4a v0x55555f08ee90, 4, 0;
    %pushi/vec4 0, 0, 256;
    %load/vec4 v0x55555f08edb0_0;
    %muli 16, 0, 32;
    %part/s 16;
    %pushi/vec4 128, 0, 32;
    %load/vec4 v0x55555f08edb0_0;
    %add;
    %ix/vec4/s 4;
    %store/vec4a v0x55555f08ee90, 4, 0;
    %pushi/vec4 0, 0, 256;
    %load/vec4 v0x55555f08edb0_0;
    %muli 16, 0, 32;
    %part/s 16;
    %pushi/vec4 144, 0, 32;
    %load/vec4 v0x55555f08edb0_0;
    %add;
    %ix/vec4/s 4;
    %store/vec4a v0x55555f08ee90, 4, 0;
    %pushi/vec4 0, 0, 256;
    %load/vec4 v0x55555f08edb0_0;
    %muli 16, 0, 32;
    %part/s 16;
    %pushi/vec4 160, 0, 32;
    %load/vec4 v0x55555f08edb0_0;
    %add;
    %ix/vec4/s 4;
    %store/vec4a v0x55555f08ee90, 4, 0;
    %pushi/vec4 0, 0, 256;
    %load/vec4 v0x55555f08edb0_0;
    %muli 16, 0, 32;
    %part/s 16;
    %pushi/vec4 176, 0, 32;
    %load/vec4 v0x55555f08edb0_0;
    %add;
    %ix/vec4/s 4;
    %store/vec4a v0x55555f08ee90, 4, 0;
    %pushi/vec4 0, 0, 256;
    %load/vec4 v0x55555f08edb0_0;
    %muli 16, 0, 32;
    %part/s 16;
    %pushi/vec4 192, 0, 32;
    %load/vec4 v0x55555f08edb0_0;
    %add;
    %ix/vec4/s 4;
    %store/vec4a v0x55555f08ee90, 4, 0;
    %pushi/vec4 0, 0, 256;
    %load/vec4 v0x55555f08edb0_0;
    %muli 16, 0, 32;
    %part/s 16;
    %pushi/vec4 208, 0, 32;
    %load/vec4 v0x55555f08edb0_0;
    %add;
    %ix/vec4/s 4;
    %store/vec4a v0x55555f08ee90, 4, 0;
    %pushi/vec4 0, 0, 256;
    %load/vec4 v0x55555f08edb0_0;
    %muli 16, 0, 32;
    %part/s 16;
    %pushi/vec4 224, 0, 32;
    %load/vec4 v0x55555f08edb0_0;
    %add;
    %ix/vec4/s 4;
    %store/vec4a v0x55555f08ee90, 4, 0;
    %pushi/vec4 0, 0, 256;
    %load/vec4 v0x55555f08edb0_0;
    %muli 16, 0, 32;
    %part/s 16;
    %pushi/vec4 240, 0, 32;
    %load/vec4 v0x55555f08edb0_0;
    %add;
    %ix/vec4/s 4;
    %store/vec4a v0x55555f08ee90, 4, 0;
T_84.2 ; for-loop step statement
    %load/vec4 v0x55555f08edb0_0;
    %addi 1, 0, 32;
    %store/vec4 v0x55555f08edb0_0, 0, 32;
    %jmp T_84.0;
T_84.1 ; for-loop exit label
    %end;
    .thread T_84;
    .scope S_0x55555f08bb00;
T_85 ;
    %wait E_0x55555f08d8c0;
    %load/vec4 v0x55555f08ec10_0;
    %flag_set/vec4 9;
    %flag_get/vec4 9;
    %jmp/0 T_85.2, 9;
    %load/vec4 v0x55555f08e990_0;
    %and;
T_85.2;
    %flag_set/vec4 8;
    %jmp/0xz  T_85.0, 8;
    %load/vec4 v0x55555f08ecd0_0;
    %parti/s 1, 0, 2;
    %nor/r;
    %flag_set/vec4 8;
    %jmp/0xz  T_85.3, 8;
    %load/vec4 v0x55555f08eb30_0;
    %parti/s 1, 0, 2;
    %load/vec4 v0x55555f08e7f0_0;
    %parti/s 8, 0, 2;
    %pad/u 10;
    %ix/vec4 3;
    %ix/load 4, 0, 0; Constant delay
    %assign/vec4/a/d v0x55555f08ee90, 0, 4;
T_85.3 ;
    %load/vec4 v0x55555f08ecd0_0;
    %parti/s 1, 1, 2;
    %nor/r;
    %flag_set/vec4 8;
    %jmp/0xz  T_85.5, 8;
    %load/vec4 v0x55555f08eb30_0;
    %parti/s 1, 1, 2;
    %load/vec4 v0x55555f08e7f0_0;
    %parti/s 8, 0, 2;
    %pad/u 10;
    %ix/vec4 3;
    %ix/load 4, 1, 0; part off
    %ix/load 5, 0, 0; Constant delay
    %assign/vec4/a/d v0x55555f08ee90, 4, 5;
T_85.5 ;
    %load/vec4 v0x55555f08ecd0_0;
    %parti/s 1, 2, 3;
    %nor/r;
    %flag_set/vec4 8;
    %jmp/0xz  T_85.7, 8;
    %load/vec4 v0x55555f08eb30_0;
    %parti/s 1, 2, 3;
    %load/vec4 v0x55555f08e7f0_0;
    %parti/s 8, 0, 2;
    %pad/u 10;
    %ix/vec4 3;
    %ix/load 4, 2, 0; part off
    %ix/load 5, 0, 0; Constant delay
    %assign/vec4/a/d v0x55555f08ee90, 4, 5;
T_85.7 ;
    %load/vec4 v0x55555f08ecd0_0;
    %parti/s 1, 3, 3;
    %nor/r;
    %flag_set/vec4 8;
    %jmp/0xz  T_85.9, 8;
    %load/vec4 v0x55555f08eb30_0;
    %parti/s 1, 3, 3;
    %load/vec4 v0x55555f08e7f0_0;
    %parti/s 8, 0, 2;
    %pad/u 10;
    %ix/vec4 3;
    %ix/load 4, 3, 0; part off
    %ix/load 5, 0, 0; Constant delay
    %assign/vec4/a/d v0x55555f08ee90, 4, 5;
T_85.9 ;
    %load/vec4 v0x55555f08ecd0_0;
    %parti/s 1, 4, 4;
    %nor/r;
    %flag_set/vec4 8;
    %jmp/0xz  T_85.11, 8;
    %load/vec4 v0x55555f08eb30_0;
    %parti/s 1, 4, 4;
    %load/vec4 v0x55555f08e7f0_0;
    %parti/s 8, 0, 2;
    %pad/u 10;
    %ix/vec4 3;
    %ix/load 4, 4, 0; part off
    %ix/load 5, 0, 0; Constant delay
    %assign/vec4/a/d v0x55555f08ee90, 4, 5;
T_85.11 ;
    %load/vec4 v0x55555f08ecd0_0;
    %parti/s 1, 5, 4;
    %nor/r;
    %flag_set/vec4 8;
    %jmp/0xz  T_85.13, 8;
    %load/vec4 v0x55555f08eb30_0;
    %parti/s 1, 5, 4;
    %load/vec4 v0x55555f08e7f0_0;
    %parti/s 8, 0, 2;
    %pad/u 10;
    %ix/vec4 3;
    %ix/load 4, 5, 0; part off
    %ix/load 5, 0, 0; Constant delay
    %assign/vec4/a/d v0x55555f08ee90, 4, 5;
T_85.13 ;
    %load/vec4 v0x55555f08ecd0_0;
    %parti/s 1, 6, 4;
    %nor/r;
    %flag_set/vec4 8;
    %jmp/0xz  T_85.15, 8;
    %load/vec4 v0x55555f08eb30_0;
    %parti/s 1, 6, 4;
    %load/vec4 v0x55555f08e7f0_0;
    %parti/s 8, 0, 2;
    %pad/u 10;
    %ix/vec4 3;
    %ix/load 4, 6, 0; part off
    %ix/load 5, 0, 0; Constant delay
    %assign/vec4/a/d v0x55555f08ee90, 4, 5;
T_85.15 ;
    %load/vec4 v0x55555f08ecd0_0;
    %parti/s 1, 7, 4;
    %nor/r;
    %flag_set/vec4 8;
    %jmp/0xz  T_85.17, 8;
    %load/vec4 v0x55555f08eb30_0;
    %parti/s 1, 7, 4;
    %load/vec4 v0x55555f08e7f0_0;
    %parti/s 8, 0, 2;
    %pad/u 10;
    %ix/vec4 3;
    %ix/load 4, 7, 0; part off
    %ix/load 5, 0, 0; Constant delay
    %assign/vec4/a/d v0x55555f08ee90, 4, 5;
T_85.17 ;
    %load/vec4 v0x55555f08ecd0_0;
    %parti/s 1, 8, 5;
    %nor/r;
    %flag_set/vec4 8;
    %jmp/0xz  T_85.19, 8;
    %load/vec4 v0x55555f08eb30_0;
    %parti/s 1, 8, 5;
    %load/vec4 v0x55555f08e7f0_0;
    %parti/s 8, 0, 2;
    %pad/u 10;
    %ix/vec4 3;
    %ix/load 4, 8, 0; part off
    %ix/load 5, 0, 0; Constant delay
    %assign/vec4/a/d v0x55555f08ee90, 4, 5;
T_85.19 ;
    %load/vec4 v0x55555f08ecd0_0;
    %parti/s 1, 9, 5;
    %nor/r;
    %flag_set/vec4 8;
    %jmp/0xz  T_85.21, 8;
    %load/vec4 v0x55555f08eb30_0;
    %parti/s 1, 9, 5;
    %load/vec4 v0x55555f08e7f0_0;
    %parti/s 8, 0, 2;
    %pad/u 10;
    %ix/vec4 3;
    %ix/load 4, 9, 0; part off
    %ix/load 5, 0, 0; Constant delay
    %assign/vec4/a/d v0x55555f08ee90, 4, 5;
T_85.21 ;
    %load/vec4 v0x55555f08ecd0_0;
    %parti/s 1, 10, 5;
    %nor/r;
    %flag_set/vec4 8;
    %jmp/0xz  T_85.23, 8;
    %load/vec4 v0x55555f08eb30_0;
    %parti/s 1, 10, 5;
    %load/vec4 v0x55555f08e7f0_0;
    %parti/s 8, 0, 2;
    %pad/u 10;
    %ix/vec4 3;
    %ix/load 4, 10, 0; part off
    %ix/load 5, 0, 0; Constant delay
    %assign/vec4/a/d v0x55555f08ee90, 4, 5;
T_85.23 ;
    %load/vec4 v0x55555f08ecd0_0;
    %parti/s 1, 11, 5;
    %nor/r;
    %flag_set/vec4 8;
    %jmp/0xz  T_85.25, 8;
    %load/vec4 v0x55555f08eb30_0;
    %parti/s 1, 11, 5;
    %load/vec4 v0x55555f08e7f0_0;
    %parti/s 8, 0, 2;
    %pad/u 10;
    %ix/vec4 3;
    %ix/load 4, 11, 0; part off
    %ix/load 5, 0, 0; Constant delay
    %assign/vec4/a/d v0x55555f08ee90, 4, 5;
T_85.25 ;
    %load/vec4 v0x55555f08ecd0_0;
    %parti/s 1, 12, 5;
    %nor/r;
    %flag_set/vec4 8;
    %jmp/0xz  T_85.27, 8;
    %load/vec4 v0x55555f08eb30_0;
    %parti/s 1, 12, 5;
    %load/vec4 v0x55555f08e7f0_0;
    %parti/s 8, 0, 2;
    %pad/u 10;
    %ix/vec4 3;
    %ix/load 4, 12, 0; part off
    %ix/load 5, 0, 0; Constant delay
    %assign/vec4/a/d v0x55555f08ee90, 4, 5;
T_85.27 ;
    %load/vec4 v0x55555f08ecd0_0;
    %parti/s 1, 13, 5;
    %nor/r;
    %flag_set/vec4 8;
    %jmp/0xz  T_85.29, 8;
    %load/vec4 v0x55555f08eb30_0;
    %parti/s 1, 13, 5;
    %load/vec4 v0x55555f08e7f0_0;
    %parti/s 8, 0, 2;
    %pad/u 10;
    %ix/vec4 3;
    %ix/load 4, 13, 0; part off
    %ix/load 5, 0, 0; Constant delay
    %assign/vec4/a/d v0x55555f08ee90, 4, 5;
T_85.29 ;
    %load/vec4 v0x55555f08ecd0_0;
    %parti/s 1, 14, 5;
    %nor/r;
    %flag_set/vec4 8;
    %jmp/0xz  T_85.31, 8;
    %load/vec4 v0x55555f08eb30_0;
    %parti/s 1, 14, 5;
    %load/vec4 v0x55555f08e7f0_0;
    %parti/s 8, 0, 2;
    %pad/u 10;
    %ix/vec4 3;
    %ix/load 4, 14, 0; part off
    %ix/load 5, 0, 0; Constant delay
    %assign/vec4/a/d v0x55555f08ee90, 4, 5;
T_85.31 ;
    %load/vec4 v0x55555f08ecd0_0;
    %parti/s 1, 15, 5;
    %nor/r;
    %flag_set/vec4 8;
    %jmp/0xz  T_85.33, 8;
    %load/vec4 v0x55555f08eb30_0;
    %parti/s 1, 15, 5;
    %load/vec4 v0x55555f08e7f0_0;
    %parti/s 8, 0, 2;
    %pad/u 10;
    %ix/vec4 3;
    %ix/load 4, 15, 0; part off
    %ix/load 5, 0, 0; Constant delay
    %assign/vec4/a/d v0x55555f08ee90, 4, 5;
T_85.33 ;
T_85.0 ;
    %jmp T_85;
    .thread T_85;
    .scope S_0x55555f08bb00;
T_86 ;
    %wait E_0x55555f08d840;
    %load/vec4 v0x55555f08e650_0;
    %flag_set/vec4 9;
    %flag_get/vec4 9;
    %jmp/0 T_86.2, 9;
    %load/vec4 v0x55555f08e380_0;
    %and;
T_86.2;
    %flag_set/vec4 8;
    %jmp/0xz  T_86.0, 8;
    %load/vec4 v0x55555f08e1d0_0;
    %parti/s 8, 0, 2;
    %pad/u 10;
    %ix/vec4 4;
    %load/vec4a v0x55555f08ee90, 4;
    %load/vec4 v0x55555f08e710_0;
    %inv;
    %and;
    %assign/vec4 v0x55555f08e570_0, 0;
T_86.0 ;
    %jmp T_86;
    .thread T_86;
    .scope S_0x55555f08fb90;
T_87 ;
    %pushi/vec4 0, 0, 32;
    %store/vec4 v0x55555f092f80_0, 0, 32;
T_87.0 ; Top of for-loop 
    %load/vec4 v0x55555f092f80_0;
    %cmpi/s 16, 0, 32;
    %jmp/0xz T_87.1, 5;
    %pushi/vec4 0, 0, 256;
    %load/vec4 v0x55555f092f80_0;
    %muli 16, 0, 32;
    %part/s 16;
    %pushi/vec4 0, 0, 32;
    %load/vec4 v0x55555f092f80_0;
    %add;
    %ix/vec4/s 4;
    %store/vec4a v0x55555f093060, 4, 0;
    %pushi/vec4 0, 0, 256;
    %load/vec4 v0x55555f092f80_0;
    %muli 16, 0, 32;
    %part/s 16;
    %pushi/vec4 16, 0, 32;
    %load/vec4 v0x55555f092f80_0;
    %add;
    %ix/vec4/s 4;
    %store/vec4a v0x55555f093060, 4, 0;
    %pushi/vec4 0, 0, 256;
    %load/vec4 v0x55555f092f80_0;
    %muli 16, 0, 32;
    %part/s 16;
    %pushi/vec4 32, 0, 32;
    %load/vec4 v0x55555f092f80_0;
    %add;
    %ix/vec4/s 4;
    %store/vec4a v0x55555f093060, 4, 0;
    %pushi/vec4 0, 0, 256;
    %load/vec4 v0x55555f092f80_0;
    %muli 16, 0, 32;
    %part/s 16;
    %pushi/vec4 48, 0, 32;
    %load/vec4 v0x55555f092f80_0;
    %add;
    %ix/vec4/s 4;
    %store/vec4a v0x55555f093060, 4, 0;
    %pushi/vec4 0, 0, 256;
    %load/vec4 v0x55555f092f80_0;
    %muli 16, 0, 32;
    %part/s 16;
    %pushi/vec4 64, 0, 32;
    %load/vec4 v0x55555f092f80_0;
    %add;
    %ix/vec4/s 4;
    %store/vec4a v0x55555f093060, 4, 0;
    %pushi/vec4 0, 0, 256;
    %load/vec4 v0x55555f092f80_0;
    %muli 16, 0, 32;
    %part/s 16;
    %pushi/vec4 80, 0, 32;
    %load/vec4 v0x55555f092f80_0;
    %add;
    %ix/vec4/s 4;
    %store/vec4a v0x55555f093060, 4, 0;
    %pushi/vec4 0, 0, 256;
    %load/vec4 v0x55555f092f80_0;
    %muli 16, 0, 32;
    %part/s 16;
    %pushi/vec4 96, 0, 32;
    %load/vec4 v0x55555f092f80_0;
    %add;
    %ix/vec4/s 4;
    %store/vec4a v0x55555f093060, 4, 0;
    %pushi/vec4 0, 0, 256;
    %load/vec4 v0x55555f092f80_0;
    %muli 16, 0, 32;
    %part/s 16;
    %pushi/vec4 112, 0, 32;
    %load/vec4 v0x55555f092f80_0;
    %add;
    %ix/vec4/s 4;
    %store/vec4a v0x55555f093060, 4, 0;
    %pushi/vec4 0, 0, 256;
    %load/vec4 v0x55555f092f80_0;
    %muli 16, 0, 32;
    %part/s 16;
    %pushi/vec4 128, 0, 32;
    %load/vec4 v0x55555f092f80_0;
    %add;
    %ix/vec4/s 4;
    %store/vec4a v0x55555f093060, 4, 0;
    %pushi/vec4 0, 0, 256;
    %load/vec4 v0x55555f092f80_0;
    %muli 16, 0, 32;
    %part/s 16;
    %pushi/vec4 144, 0, 32;
    %load/vec4 v0x55555f092f80_0;
    %add;
    %ix/vec4/s 4;
    %store/vec4a v0x55555f093060, 4, 0;
    %pushi/vec4 0, 0, 256;
    %load/vec4 v0x55555f092f80_0;
    %muli 16, 0, 32;
    %part/s 16;
    %pushi/vec4 160, 0, 32;
    %load/vec4 v0x55555f092f80_0;
    %add;
    %ix/vec4/s 4;
    %store/vec4a v0x55555f093060, 4, 0;
    %pushi/vec4 0, 0, 256;
    %load/vec4 v0x55555f092f80_0;
    %muli 16, 0, 32;
    %part/s 16;
    %pushi/vec4 176, 0, 32;
    %load/vec4 v0x55555f092f80_0;
    %add;
    %ix/vec4/s 4;
    %store/vec4a v0x55555f093060, 4, 0;
    %pushi/vec4 0, 0, 256;
    %load/vec4 v0x55555f092f80_0;
    %muli 16, 0, 32;
    %part/s 16;
    %pushi/vec4 192, 0, 32;
    %load/vec4 v0x55555f092f80_0;
    %add;
    %ix/vec4/s 4;
    %store/vec4a v0x55555f093060, 4, 0;
    %pushi/vec4 0, 0, 256;
    %load/vec4 v0x55555f092f80_0;
    %muli 16, 0, 32;
    %part/s 16;
    %pushi/vec4 208, 0, 32;
    %load/vec4 v0x55555f092f80_0;
    %add;
    %ix/vec4/s 4;
    %store/vec4a v0x55555f093060, 4, 0;
    %pushi/vec4 0, 0, 256;
    %load/vec4 v0x55555f092f80_0;
    %muli 16, 0, 32;
    %part/s 16;
    %pushi/vec4 224, 0, 32;
    %load/vec4 v0x55555f092f80_0;
    %add;
    %ix/vec4/s 4;
    %store/vec4a v0x55555f093060, 4, 0;
    %pushi/vec4 0, 0, 256;
    %load/vec4 v0x55555f092f80_0;
    %muli 16, 0, 32;
    %part/s 16;
    %pushi/vec4 240, 0, 32;
    %load/vec4 v0x55555f092f80_0;
    %add;
    %ix/vec4/s 4;
    %store/vec4a v0x55555f093060, 4, 0;
T_87.2 ; for-loop step statement
    %load/vec4 v0x55555f092f80_0;
    %addi 1, 0, 32;
    %store/vec4 v0x55555f092f80_0, 0, 32;
    %jmp T_87.0;
T_87.1 ; for-loop exit label
    %end;
    .thread T_87;
    .scope S_0x55555f08fb90;
T_88 ;
    %wait E_0x55555f091a90;
    %load/vec4 v0x55555f092de0_0;
    %flag_set/vec4 9;
    %flag_get/vec4 9;
    %jmp/0 T_88.2, 9;
    %load/vec4 v0x55555f092b60_0;
    %and;
T_88.2;
    %flag_set/vec4 8;
    %jmp/0xz  T_88.0, 8;
    %load/vec4 v0x55555f092ea0_0;
    %parti/s 1, 0, 2;
    %nor/r;
    %flag_set/vec4 8;
    %jmp/0xz  T_88.3, 8;
    %load/vec4 v0x55555f092d00_0;
    %parti/s 1, 0, 2;
    %load/vec4 v0x55555f0929c0_0;
    %parti/s 8, 0, 2;
    %pad/u 10;
    %ix/vec4 3;
    %ix/load 4, 0, 0; Constant delay
    %assign/vec4/a/d v0x55555f093060, 0, 4;
T_88.3 ;
    %load/vec4 v0x55555f092ea0_0;
    %parti/s 1, 1, 2;
    %nor/r;
    %flag_set/vec4 8;
    %jmp/0xz  T_88.5, 8;
    %load/vec4 v0x55555f092d00_0;
    %parti/s 1, 1, 2;
    %load/vec4 v0x55555f0929c0_0;
    %parti/s 8, 0, 2;
    %pad/u 10;
    %ix/vec4 3;
    %ix/load 4, 1, 0; part off
    %ix/load 5, 0, 0; Constant delay
    %assign/vec4/a/d v0x55555f093060, 4, 5;
T_88.5 ;
    %load/vec4 v0x55555f092ea0_0;
    %parti/s 1, 2, 3;
    %nor/r;
    %flag_set/vec4 8;
    %jmp/0xz  T_88.7, 8;
    %load/vec4 v0x55555f092d00_0;
    %parti/s 1, 2, 3;
    %load/vec4 v0x55555f0929c0_0;
    %parti/s 8, 0, 2;
    %pad/u 10;
    %ix/vec4 3;
    %ix/load 4, 2, 0; part off
    %ix/load 5, 0, 0; Constant delay
    %assign/vec4/a/d v0x55555f093060, 4, 5;
T_88.7 ;
    %load/vec4 v0x55555f092ea0_0;
    %parti/s 1, 3, 3;
    %nor/r;
    %flag_set/vec4 8;
    %jmp/0xz  T_88.9, 8;
    %load/vec4 v0x55555f092d00_0;
    %parti/s 1, 3, 3;
    %load/vec4 v0x55555f0929c0_0;
    %parti/s 8, 0, 2;
    %pad/u 10;
    %ix/vec4 3;
    %ix/load 4, 3, 0; part off
    %ix/load 5, 0, 0; Constant delay
    %assign/vec4/a/d v0x55555f093060, 4, 5;
T_88.9 ;
    %load/vec4 v0x55555f092ea0_0;
    %parti/s 1, 4, 4;
    %nor/r;
    %flag_set/vec4 8;
    %jmp/0xz  T_88.11, 8;
    %load/vec4 v0x55555f092d00_0;
    %parti/s 1, 4, 4;
    %load/vec4 v0x55555f0929c0_0;
    %parti/s 8, 0, 2;
    %pad/u 10;
    %ix/vec4 3;
    %ix/load 4, 4, 0; part off
    %ix/load 5, 0, 0; Constant delay
    %assign/vec4/a/d v0x55555f093060, 4, 5;
T_88.11 ;
    %load/vec4 v0x55555f092ea0_0;
    %parti/s 1, 5, 4;
    %nor/r;
    %flag_set/vec4 8;
    %jmp/0xz  T_88.13, 8;
    %load/vec4 v0x55555f092d00_0;
    %parti/s 1, 5, 4;
    %load/vec4 v0x55555f0929c0_0;
    %parti/s 8, 0, 2;
    %pad/u 10;
    %ix/vec4 3;
    %ix/load 4, 5, 0; part off
    %ix/load 5, 0, 0; Constant delay
    %assign/vec4/a/d v0x55555f093060, 4, 5;
T_88.13 ;
    %load/vec4 v0x55555f092ea0_0;
    %parti/s 1, 6, 4;
    %nor/r;
    %flag_set/vec4 8;
    %jmp/0xz  T_88.15, 8;
    %load/vec4 v0x55555f092d00_0;
    %parti/s 1, 6, 4;
    %load/vec4 v0x55555f0929c0_0;
    %parti/s 8, 0, 2;
    %pad/u 10;
    %ix/vec4 3;
    %ix/load 4, 6, 0; part off
    %ix/load 5, 0, 0; Constant delay
    %assign/vec4/a/d v0x55555f093060, 4, 5;
T_88.15 ;
    %load/vec4 v0x55555f092ea0_0;
    %parti/s 1, 7, 4;
    %nor/r;
    %flag_set/vec4 8;
    %jmp/0xz  T_88.17, 8;
    %load/vec4 v0x55555f092d00_0;
    %parti/s 1, 7, 4;
    %load/vec4 v0x55555f0929c0_0;
    %parti/s 8, 0, 2;
    %pad/u 10;
    %ix/vec4 3;
    %ix/load 4, 7, 0; part off
    %ix/load 5, 0, 0; Constant delay
    %assign/vec4/a/d v0x55555f093060, 4, 5;
T_88.17 ;
    %load/vec4 v0x55555f092ea0_0;
    %parti/s 1, 8, 5;
    %nor/r;
    %flag_set/vec4 8;
    %jmp/0xz  T_88.19, 8;
    %load/vec4 v0x55555f092d00_0;
    %parti/s 1, 8, 5;
    %load/vec4 v0x55555f0929c0_0;
    %parti/s 8, 0, 2;
    %pad/u 10;
    %ix/vec4 3;
    %ix/load 4, 8, 0; part off
    %ix/load 5, 0, 0; Constant delay
    %assign/vec4/a/d v0x55555f093060, 4, 5;
T_88.19 ;
    %load/vec4 v0x55555f092ea0_0;
    %parti/s 1, 9, 5;
    %nor/r;
    %flag_set/vec4 8;
    %jmp/0xz  T_88.21, 8;
    %load/vec4 v0x55555f092d00_0;
    %parti/s 1, 9, 5;
    %load/vec4 v0x55555f0929c0_0;
    %parti/s 8, 0, 2;
    %pad/u 10;
    %ix/vec4 3;
    %ix/load 4, 9, 0; part off
    %ix/load 5, 0, 0; Constant delay
    %assign/vec4/a/d v0x55555f093060, 4, 5;
T_88.21 ;
    %load/vec4 v0x55555f092ea0_0;
    %parti/s 1, 10, 5;
    %nor/r;
    %flag_set/vec4 8;
    %jmp/0xz  T_88.23, 8;
    %load/vec4 v0x55555f092d00_0;
    %parti/s 1, 10, 5;
    %load/vec4 v0x55555f0929c0_0;
    %parti/s 8, 0, 2;
    %pad/u 10;
    %ix/vec4 3;
    %ix/load 4, 10, 0; part off
    %ix/load 5, 0, 0; Constant delay
    %assign/vec4/a/d v0x55555f093060, 4, 5;
T_88.23 ;
    %load/vec4 v0x55555f092ea0_0;
    %parti/s 1, 11, 5;
    %nor/r;
    %flag_set/vec4 8;
    %jmp/0xz  T_88.25, 8;
    %load/vec4 v0x55555f092d00_0;
    %parti/s 1, 11, 5;
    %load/vec4 v0x55555f0929c0_0;
    %parti/s 8, 0, 2;
    %pad/u 10;
    %ix/vec4 3;
    %ix/load 4, 11, 0; part off
    %ix/load 5, 0, 0; Constant delay
    %assign/vec4/a/d v0x55555f093060, 4, 5;
T_88.25 ;
    %load/vec4 v0x55555f092ea0_0;
    %parti/s 1, 12, 5;
    %nor/r;
    %flag_set/vec4 8;
    %jmp/0xz  T_88.27, 8;
    %load/vec4 v0x55555f092d00_0;
    %parti/s 1, 12, 5;
    %load/vec4 v0x55555f0929c0_0;
    %parti/s 8, 0, 2;
    %pad/u 10;
    %ix/vec4 3;
    %ix/load 4, 12, 0; part off
    %ix/load 5, 0, 0; Constant delay
    %assign/vec4/a/d v0x55555f093060, 4, 5;
T_88.27 ;
    %load/vec4 v0x55555f092ea0_0;
    %parti/s 1, 13, 5;
    %nor/r;
    %flag_set/vec4 8;
    %jmp/0xz  T_88.29, 8;
    %load/vec4 v0x55555f092d00_0;
    %parti/s 1, 13, 5;
    %load/vec4 v0x55555f0929c0_0;
    %parti/s 8, 0, 2;
    %pad/u 10;
    %ix/vec4 3;
    %ix/load 4, 13, 0; part off
    %ix/load 5, 0, 0; Constant delay
    %assign/vec4/a/d v0x55555f093060, 4, 5;
T_88.29 ;
    %load/vec4 v0x55555f092ea0_0;
    %parti/s 1, 14, 5;
    %nor/r;
    %flag_set/vec4 8;
    %jmp/0xz  T_88.31, 8;
    %load/vec4 v0x55555f092d00_0;
    %parti/s 1, 14, 5;
    %load/vec4 v0x55555f0929c0_0;
    %parti/s 8, 0, 2;
    %pad/u 10;
    %ix/vec4 3;
    %ix/load 4, 14, 0; part off
    %ix/load 5, 0, 0; Constant delay
    %assign/vec4/a/d v0x55555f093060, 4, 5;
T_88.31 ;
    %load/vec4 v0x55555f092ea0_0;
    %parti/s 1, 15, 5;
    %nor/r;
    %flag_set/vec4 8;
    %jmp/0xz  T_88.33, 8;
    %load/vec4 v0x55555f092d00_0;
    %parti/s 1, 15, 5;
    %load/vec4 v0x55555f0929c0_0;
    %parti/s 8, 0, 2;
    %pad/u 10;
    %ix/vec4 3;
    %ix/load 4, 15, 0; part off
    %ix/load 5, 0, 0; Constant delay
    %assign/vec4/a/d v0x55555f093060, 4, 5;
T_88.33 ;
T_88.0 ;
    %jmp T_88;
    .thread T_88;
    .scope S_0x55555f08fb90;
T_89 ;
    %wait E_0x55555f091a10;
    %load/vec4 v0x55555f092820_0;
    %flag_set/vec4 9;
    %flag_get/vec4 9;
    %jmp/0 T_89.2, 9;
    %load/vec4 v0x55555f092550_0;
    %and;
T_89.2;
    %flag_set/vec4 8;
    %jmp/0xz  T_89.0, 8;
    %load/vec4 v0x55555f0923a0_0;
    %parti/s 8, 0, 2;
    %pad/u 10;
    %ix/vec4 4;
    %load/vec4a v0x55555f093060, 4;
    %load/vec4 v0x55555f0928e0_0;
    %inv;
    %and;
    %assign/vec4 v0x55555f092740_0, 0;
T_89.0 ;
    %jmp T_89;
    .thread T_89;
    .scope S_0x55555f093d70;
T_90 ;
    %pushi/vec4 0, 0, 32;
    %store/vec4 v0x55555f0972d0_0, 0, 32;
T_90.0 ; Top of for-loop 
    %load/vec4 v0x55555f0972d0_0;
    %cmpi/s 16, 0, 32;
    %jmp/0xz T_90.1, 5;
    %pushi/vec4 0, 0, 256;
    %load/vec4 v0x55555f0972d0_0;
    %muli 16, 0, 32;
    %part/s 16;
    %pushi/vec4 0, 0, 32;
    %load/vec4 v0x55555f0972d0_0;
    %add;
    %ix/vec4/s 4;
    %store/vec4a v0x55555f0973b0, 4, 0;
    %pushi/vec4 0, 0, 256;
    %load/vec4 v0x55555f0972d0_0;
    %muli 16, 0, 32;
    %part/s 16;
    %pushi/vec4 16, 0, 32;
    %load/vec4 v0x55555f0972d0_0;
    %add;
    %ix/vec4/s 4;
    %store/vec4a v0x55555f0973b0, 4, 0;
    %pushi/vec4 0, 0, 256;
    %load/vec4 v0x55555f0972d0_0;
    %muli 16, 0, 32;
    %part/s 16;
    %pushi/vec4 32, 0, 32;
    %load/vec4 v0x55555f0972d0_0;
    %add;
    %ix/vec4/s 4;
    %store/vec4a v0x55555f0973b0, 4, 0;
    %pushi/vec4 0, 0, 256;
    %load/vec4 v0x55555f0972d0_0;
    %muli 16, 0, 32;
    %part/s 16;
    %pushi/vec4 48, 0, 32;
    %load/vec4 v0x55555f0972d0_0;
    %add;
    %ix/vec4/s 4;
    %store/vec4a v0x55555f0973b0, 4, 0;
    %pushi/vec4 0, 0, 256;
    %load/vec4 v0x55555f0972d0_0;
    %muli 16, 0, 32;
    %part/s 16;
    %pushi/vec4 64, 0, 32;
    %load/vec4 v0x55555f0972d0_0;
    %add;
    %ix/vec4/s 4;
    %store/vec4a v0x55555f0973b0, 4, 0;
    %pushi/vec4 0, 0, 256;
    %load/vec4 v0x55555f0972d0_0;
    %muli 16, 0, 32;
    %part/s 16;
    %pushi/vec4 80, 0, 32;
    %load/vec4 v0x55555f0972d0_0;
    %add;
    %ix/vec4/s 4;
    %store/vec4a v0x55555f0973b0, 4, 0;
    %pushi/vec4 0, 0, 256;
    %load/vec4 v0x55555f0972d0_0;
    %muli 16, 0, 32;
    %part/s 16;
    %pushi/vec4 96, 0, 32;
    %load/vec4 v0x55555f0972d0_0;
    %add;
    %ix/vec4/s 4;
    %store/vec4a v0x55555f0973b0, 4, 0;
    %pushi/vec4 0, 0, 256;
    %load/vec4 v0x55555f0972d0_0;
    %muli 16, 0, 32;
    %part/s 16;
    %pushi/vec4 112, 0, 32;
    %load/vec4 v0x55555f0972d0_0;
    %add;
    %ix/vec4/s 4;
    %store/vec4a v0x55555f0973b0, 4, 0;
    %pushi/vec4 0, 0, 256;
    %load/vec4 v0x55555f0972d0_0;
    %muli 16, 0, 32;
    %part/s 16;
    %pushi/vec4 128, 0, 32;
    %load/vec4 v0x55555f0972d0_0;
    %add;
    %ix/vec4/s 4;
    %store/vec4a v0x55555f0973b0, 4, 0;
    %pushi/vec4 0, 0, 256;
    %load/vec4 v0x55555f0972d0_0;
    %muli 16, 0, 32;
    %part/s 16;
    %pushi/vec4 144, 0, 32;
    %load/vec4 v0x55555f0972d0_0;
    %add;
    %ix/vec4/s 4;
    %store/vec4a v0x55555f0973b0, 4, 0;
    %pushi/vec4 0, 0, 256;
    %load/vec4 v0x55555f0972d0_0;
    %muli 16, 0, 32;
    %part/s 16;
    %pushi/vec4 160, 0, 32;
    %load/vec4 v0x55555f0972d0_0;
    %add;
    %ix/vec4/s 4;
    %store/vec4a v0x55555f0973b0, 4, 0;
    %pushi/vec4 0, 0, 256;
    %load/vec4 v0x55555f0972d0_0;
    %muli 16, 0, 32;
    %part/s 16;
    %pushi/vec4 176, 0, 32;
    %load/vec4 v0x55555f0972d0_0;
    %add;
    %ix/vec4/s 4;
    %store/vec4a v0x55555f0973b0, 4, 0;
    %pushi/vec4 0, 0, 256;
    %load/vec4 v0x55555f0972d0_0;
    %muli 16, 0, 32;
    %part/s 16;
    %pushi/vec4 192, 0, 32;
    %load/vec4 v0x55555f0972d0_0;
    %add;
    %ix/vec4/s 4;
    %store/vec4a v0x55555f0973b0, 4, 0;
    %pushi/vec4 0, 0, 256;
    %load/vec4 v0x55555f0972d0_0;
    %muli 16, 0, 32;
    %part/s 16;
    %pushi/vec4 208, 0, 32;
    %load/vec4 v0x55555f0972d0_0;
    %add;
    %ix/vec4/s 4;
    %store/vec4a v0x55555f0973b0, 4, 0;
    %pushi/vec4 0, 0, 256;
    %load/vec4 v0x55555f0972d0_0;
    %muli 16, 0, 32;
    %part/s 16;
    %pushi/vec4 224, 0, 32;
    %load/vec4 v0x55555f0972d0_0;
    %add;
    %ix/vec4/s 4;
    %store/vec4a v0x55555f0973b0, 4, 0;
    %pushi/vec4 0, 0, 256;
    %load/vec4 v0x55555f0972d0_0;
    %muli 16, 0, 32;
    %part/s 16;
    %pushi/vec4 240, 0, 32;
    %load/vec4 v0x55555f0972d0_0;
    %add;
    %ix/vec4/s 4;
    %store/vec4a v0x55555f0973b0, 4, 0;
T_90.2 ; for-loop step statement
    %load/vec4 v0x55555f0972d0_0;
    %addi 1, 0, 32;
    %store/vec4 v0x55555f0972d0_0, 0, 32;
    %jmp T_90.0;
T_90.1 ; for-loop exit label
    %end;
    .thread T_90;
    .scope S_0x55555f093d70;
T_91 ;
    %wait E_0x55555f095de0;
    %load/vec4 v0x55555f097130_0;
    %flag_set/vec4 9;
    %flag_get/vec4 9;
    %jmp/0 T_91.2, 9;
    %load/vec4 v0x55555f096eb0_0;
    %and;
T_91.2;
    %flag_set/vec4 8;
    %jmp/0xz  T_91.0, 8;
    %load/vec4 v0x55555f0971f0_0;
    %parti/s 1, 0, 2;
    %nor/r;
    %flag_set/vec4 8;
    %jmp/0xz  T_91.3, 8;
    %load/vec4 v0x55555f097050_0;
    %parti/s 1, 0, 2;
    %load/vec4 v0x55555f096d10_0;
    %parti/s 8, 0, 2;
    %pad/u 10;
    %ix/vec4 3;
    %ix/load 4, 0, 0; Constant delay
    %assign/vec4/a/d v0x55555f0973b0, 0, 4;
T_91.3 ;
    %load/vec4 v0x55555f0971f0_0;
    %parti/s 1, 1, 2;
    %nor/r;
    %flag_set/vec4 8;
    %jmp/0xz  T_91.5, 8;
    %load/vec4 v0x55555f097050_0;
    %parti/s 1, 1, 2;
    %load/vec4 v0x55555f096d10_0;
    %parti/s 8, 0, 2;
    %pad/u 10;
    %ix/vec4 3;
    %ix/load 4, 1, 0; part off
    %ix/load 5, 0, 0; Constant delay
    %assign/vec4/a/d v0x55555f0973b0, 4, 5;
T_91.5 ;
    %load/vec4 v0x55555f0971f0_0;
    %parti/s 1, 2, 3;
    %nor/r;
    %flag_set/vec4 8;
    %jmp/0xz  T_91.7, 8;
    %load/vec4 v0x55555f097050_0;
    %parti/s 1, 2, 3;
    %load/vec4 v0x55555f096d10_0;
    %parti/s 8, 0, 2;
    %pad/u 10;
    %ix/vec4 3;
    %ix/load 4, 2, 0; part off
    %ix/load 5, 0, 0; Constant delay
    %assign/vec4/a/d v0x55555f0973b0, 4, 5;
T_91.7 ;
    %load/vec4 v0x55555f0971f0_0;
    %parti/s 1, 3, 3;
    %nor/r;
    %flag_set/vec4 8;
    %jmp/0xz  T_91.9, 8;
    %load/vec4 v0x55555f097050_0;
    %parti/s 1, 3, 3;
    %load/vec4 v0x55555f096d10_0;
    %parti/s 8, 0, 2;
    %pad/u 10;
    %ix/vec4 3;
    %ix/load 4, 3, 0; part off
    %ix/load 5, 0, 0; Constant delay
    %assign/vec4/a/d v0x55555f0973b0, 4, 5;
T_91.9 ;
    %load/vec4 v0x55555f0971f0_0;
    %parti/s 1, 4, 4;
    %nor/r;
    %flag_set/vec4 8;
    %jmp/0xz  T_91.11, 8;
    %load/vec4 v0x55555f097050_0;
    %parti/s 1, 4, 4;
    %load/vec4 v0x55555f096d10_0;
    %parti/s 8, 0, 2;
    %pad/u 10;
    %ix/vec4 3;
    %ix/load 4, 4, 0; part off
    %ix/load 5, 0, 0; Constant delay
    %assign/vec4/a/d v0x55555f0973b0, 4, 5;
T_91.11 ;
    %load/vec4 v0x55555f0971f0_0;
    %parti/s 1, 5, 4;
    %nor/r;
    %flag_set/vec4 8;
    %jmp/0xz  T_91.13, 8;
    %load/vec4 v0x55555f097050_0;
    %parti/s 1, 5, 4;
    %load/vec4 v0x55555f096d10_0;
    %parti/s 8, 0, 2;
    %pad/u 10;
    %ix/vec4 3;
    %ix/load 4, 5, 0; part off
    %ix/load 5, 0, 0; Constant delay
    %assign/vec4/a/d v0x55555f0973b0, 4, 5;
T_91.13 ;
    %load/vec4 v0x55555f0971f0_0;
    %parti/s 1, 6, 4;
    %nor/r;
    %flag_set/vec4 8;
    %jmp/0xz  T_91.15, 8;
    %load/vec4 v0x55555f097050_0;
    %parti/s 1, 6, 4;
    %load/vec4 v0x55555f096d10_0;
    %parti/s 8, 0, 2;
    %pad/u 10;
    %ix/vec4 3;
    %ix/load 4, 6, 0; part off
    %ix/load 5, 0, 0; Constant delay
    %assign/vec4/a/d v0x55555f0973b0, 4, 5;
T_91.15 ;
    %load/vec4 v0x55555f0971f0_0;
    %parti/s 1, 7, 4;
    %nor/r;
    %flag_set/vec4 8;
    %jmp/0xz  T_91.17, 8;
    %load/vec4 v0x55555f097050_0;
    %parti/s 1, 7, 4;
    %load/vec4 v0x55555f096d10_0;
    %parti/s 8, 0, 2;
    %pad/u 10;
    %ix/vec4 3;
    %ix/load 4, 7, 0; part off
    %ix/load 5, 0, 0; Constant delay
    %assign/vec4/a/d v0x55555f0973b0, 4, 5;
T_91.17 ;
    %load/vec4 v0x55555f0971f0_0;
    %parti/s 1, 8, 5;
    %nor/r;
    %flag_set/vec4 8;
    %jmp/0xz  T_91.19, 8;
    %load/vec4 v0x55555f097050_0;
    %parti/s 1, 8, 5;
    %load/vec4 v0x55555f096d10_0;
    %parti/s 8, 0, 2;
    %pad/u 10;
    %ix/vec4 3;
    %ix/load 4, 8, 0; part off
    %ix/load 5, 0, 0; Constant delay
    %assign/vec4/a/d v0x55555f0973b0, 4, 5;
T_91.19 ;
    %load/vec4 v0x55555f0971f0_0;
    %parti/s 1, 9, 5;
    %nor/r;
    %flag_set/vec4 8;
    %jmp/0xz  T_91.21, 8;
    %load/vec4 v0x55555f097050_0;
    %parti/s 1, 9, 5;
    %load/vec4 v0x55555f096d10_0;
    %parti/s 8, 0, 2;
    %pad/u 10;
    %ix/vec4 3;
    %ix/load 4, 9, 0; part off
    %ix/load 5, 0, 0; Constant delay
    %assign/vec4/a/d v0x55555f0973b0, 4, 5;
T_91.21 ;
    %load/vec4 v0x55555f0971f0_0;
    %parti/s 1, 10, 5;
    %nor/r;
    %flag_set/vec4 8;
    %jmp/0xz  T_91.23, 8;
    %load/vec4 v0x55555f097050_0;
    %parti/s 1, 10, 5;
    %load/vec4 v0x55555f096d10_0;
    %parti/s 8, 0, 2;
    %pad/u 10;
    %ix/vec4 3;
    %ix/load 4, 10, 0; part off
    %ix/load 5, 0, 0; Constant delay
    %assign/vec4/a/d v0x55555f0973b0, 4, 5;
T_91.23 ;
    %load/vec4 v0x55555f0971f0_0;
    %parti/s 1, 11, 5;
    %nor/r;
    %flag_set/vec4 8;
    %jmp/0xz  T_91.25, 8;
    %load/vec4 v0x55555f097050_0;
    %parti/s 1, 11, 5;
    %load/vec4 v0x55555f096d10_0;
    %parti/s 8, 0, 2;
    %pad/u 10;
    %ix/vec4 3;
    %ix/load 4, 11, 0; part off
    %ix/load 5, 0, 0; Constant delay
    %assign/vec4/a/d v0x55555f0973b0, 4, 5;
T_91.25 ;
    %load/vec4 v0x55555f0971f0_0;
    %parti/s 1, 12, 5;
    %nor/r;
    %flag_set/vec4 8;
    %jmp/0xz  T_91.27, 8;
    %load/vec4 v0x55555f097050_0;
    %parti/s 1, 12, 5;
    %load/vec4 v0x55555f096d10_0;
    %parti/s 8, 0, 2;
    %pad/u 10;
    %ix/vec4 3;
    %ix/load 4, 12, 0; part off
    %ix/load 5, 0, 0; Constant delay
    %assign/vec4/a/d v0x55555f0973b0, 4, 5;
T_91.27 ;
    %load/vec4 v0x55555f0971f0_0;
    %parti/s 1, 13, 5;
    %nor/r;
    %flag_set/vec4 8;
    %jmp/0xz  T_91.29, 8;
    %load/vec4 v0x55555f097050_0;
    %parti/s 1, 13, 5;
    %load/vec4 v0x55555f096d10_0;
    %parti/s 8, 0, 2;
    %pad/u 10;
    %ix/vec4 3;
    %ix/load 4, 13, 0; part off
    %ix/load 5, 0, 0; Constant delay
    %assign/vec4/a/d v0x55555f0973b0, 4, 5;
T_91.29 ;
    %load/vec4 v0x55555f0971f0_0;
    %parti/s 1, 14, 5;
    %nor/r;
    %flag_set/vec4 8;
    %jmp/0xz  T_91.31, 8;
    %load/vec4 v0x55555f097050_0;
    %parti/s 1, 14, 5;
    %load/vec4 v0x55555f096d10_0;
    %parti/s 8, 0, 2;
    %pad/u 10;
    %ix/vec4 3;
    %ix/load 4, 14, 0; part off
    %ix/load 5, 0, 0; Constant delay
    %assign/vec4/a/d v0x55555f0973b0, 4, 5;
T_91.31 ;
    %load/vec4 v0x55555f0971f0_0;
    %parti/s 1, 15, 5;
    %nor/r;
    %flag_set/vec4 8;
    %jmp/0xz  T_91.33, 8;
    %load/vec4 v0x55555f097050_0;
    %parti/s 1, 15, 5;
    %load/vec4 v0x55555f096d10_0;
    %parti/s 8, 0, 2;
    %pad/u 10;
    %ix/vec4 3;
    %ix/load 4, 15, 0; part off
    %ix/load 5, 0, 0; Constant delay
    %assign/vec4/a/d v0x55555f0973b0, 4, 5;
T_91.33 ;
T_91.0 ;
    %jmp T_91;
    .thread T_91;
    .scope S_0x55555f093d70;
T_92 ;
    %wait E_0x55555f095d60;
    %load/vec4 v0x55555f096b70_0;
    %flag_set/vec4 9;
    %flag_get/vec4 9;
    %jmp/0 T_92.2, 9;
    %load/vec4 v0x55555f0968a0_0;
    %and;
T_92.2;
    %flag_set/vec4 8;
    %jmp/0xz  T_92.0, 8;
    %load/vec4 v0x55555f0966f0_0;
    %parti/s 8, 0, 2;
    %pad/u 10;
    %ix/vec4 4;
    %load/vec4a v0x55555f0973b0, 4;
    %load/vec4 v0x55555f096c30_0;
    %inv;
    %and;
    %assign/vec4 v0x55555f096a90_0, 0;
T_92.0 ;
    %jmp T_92;
    .thread T_92;
    .scope S_0x55555eed3eb0;
T_93 ;
    %wait E_0x55555f09b5e0;
    %pushi/vec4 0, 0, 32;
    %store/vec4 v0x55555f09bf00_0, 0, 32;
T_93.0 ; Top of for-loop 
    %load/vec4 v0x55555f09bf00_0;
    %cmpi/s 16383, 0, 32;
    %flag_or 5, 4;
    %jmp/0xz T_93.1, 5;
    %pushi/vec4 65535, 65535, 16;
    %ix/getv/s 4, v0x55555f09bf00_0;
    %store/vec4a v0x55555f09bfe0, 4, 0;
T_93.2 ; for-loop step statement
    %load/vec4 v0x55555f09bf00_0;
    %addi 1, 0, 32;
    %store/vec4 v0x55555f09bf00_0, 0, 32;
    %jmp T_93.0;
T_93.1 ; for-loop exit label
    %jmp T_93;
    .thread T_93;
    .scope S_0x55555eed3eb0;
T_94 ;
    %wait E_0x55555f09b560;
    %load/vec4 v0x55555f09c0a0_0;
    %flag_set/vec4 8;
    %jmp/0xz  T_94.0, 8;
    %pushi/vec4 0, 0, 16;
    %assign/vec4 v0x55555f09b980_0, 0;
    %jmp T_94.1;
T_94.0 ;
    %load/vec4 v0x55555f09bcc0_0;
    %flag_set/vec4 8;
    %jmp/0xz  T_94.2, 8;
    %pushi/vec4 65535, 65535, 16;
    %assign/vec4 v0x55555f09b980_0, 0;
    %jmp T_94.3;
T_94.2 ;
    %load/vec4 v0x55555f09b740_0;
    %flag_set/vec4 8;
    %jmp/0xz  T_94.4, 8;
    %load/vec4 v0x55555f09bd80_0;
    %nor/r;
    %flag_set/vec4 8;
    %jmp/0xz  T_94.6, 8;
    %load/vec4 v0x55555f09b640_0;
    %pad/u 16;
    %ix/vec4 4;
    %load/vec4a v0x55555f09bfe0, 4;
    %assign/vec4 v0x55555f09b980_0, 0;
    %jmp T_94.7;
T_94.6 ;
    %load/vec4 v0x55555f09ba60_0;
    %parti/s 1, 0, 2;
    %flag_set/vec4 8;
    %jmp/0xz  T_94.8, 8;
    %load/vec4 v0x55555f09b8a0_0;
    %parti/s 4, 0, 2;
    %load/vec4 v0x55555f09b640_0;
    %pad/u 16;
    %ix/vec4 3;
    %ix/load 4, 0, 0; Constant delay
    %assign/vec4/a/d v0x55555f09bfe0, 0, 4;
T_94.8 ;
    %load/vec4 v0x55555f09ba60_0;
    %parti/s 1, 1, 2;
    %flag_set/vec4 8;
    %jmp/0xz  T_94.10, 8;
    %load/vec4 v0x55555f09b8a0_0;
    %parti/s 4, 4, 4;
    %load/vec4 v0x55555f09b640_0;
    %pad/u 16;
    %ix/vec4 3;
    %ix/load 4, 4, 0; part off
    %ix/load 5, 0, 0; Constant delay
    %assign/vec4/a/d v0x55555f09bfe0, 4, 5;
T_94.10 ;
    %load/vec4 v0x55555f09ba60_0;
    %parti/s 1, 2, 3;
    %flag_set/vec4 8;
    %jmp/0xz  T_94.12, 8;
    %load/vec4 v0x55555f09b8a0_0;
    %parti/s 4, 8, 5;
    %load/vec4 v0x55555f09b640_0;
    %pad/u 16;
    %ix/vec4 3;
    %ix/load 4, 8, 0; part off
    %ix/load 5, 0, 0; Constant delay
    %assign/vec4/a/d v0x55555f09bfe0, 4, 5;
T_94.12 ;
    %load/vec4 v0x55555f09ba60_0;
    %parti/s 1, 3, 3;
    %flag_set/vec4 8;
    %jmp/0xz  T_94.14, 8;
    %load/vec4 v0x55555f09b8a0_0;
    %parti/s 4, 12, 5;
    %load/vec4 v0x55555f09b640_0;
    %pad/u 16;
    %ix/vec4 3;
    %ix/load 4, 12, 0; part off
    %ix/load 5, 0, 0; Constant delay
    %assign/vec4/a/d v0x55555f09bfe0, 4, 5;
T_94.14 ;
    %pushi/vec4 65535, 65535, 16;
    %assign/vec4 v0x55555f09b980_0, 0;
T_94.7 ;
T_94.4 ;
T_94.3 ;
T_94.1 ;
    %jmp T_94;
    .thread T_94;
    .scope S_0x55555eec66f0;
T_95 ;
    %pushi/vec4 0, 0, 29;
    %store/vec4 v0x55555f09d660_0, 0, 29;
    %end;
    .thread T_95;
    .scope S_0x55555eec66f0;
T_96 ;
    %wait E_0x55555f09c560;
    %load/vec4 v0x55555f09d660_0;
    %addi 1, 0, 29;
    %assign/vec4 v0x55555f09d660_0, 0;
    %jmp T_96;
    .thread T_96;
# The file index is used to find the file name in the following table.
:file_names 4;
    "N/A";
    "<interactive>";
    "/home/waffle/.apio/packages/tools-oss-cad-suite/share/yosys/ice40/cells_sim.v";
    "blink.v";
